PerformanceId,JokeId,Pitch,PitchSd,Intensity,IntensitySd,MinSound,MaxSound,HumanScore,HumanScorePostJokeOnly
0,11,0,0,45.50269087228098,2.0213699049754172,-0.016863474826973236,0.017787214655000806,-1,-1
0,27,199.37264663965678,27.45514587316745,58.34852991396245,8.443237051123225,-0.28898937531134383,0.2222471147491805,1,1
0,9,227.41292331198352,50.95898448785937,61.74839544228044,6.8675924061958815,-0.2976980256713653,0.32957503736180643,1,1
0,16,186.1067019321418,20.50166362725869,52.41927452222532,4.3308893993672335,-0.06675199966256018,0.07051220600559259,0,0
0,2,0,0,58.12284792251285,9.471796070413394,-0.3293869674134812,0.4272672849879708,1,1
0,8,142.82126436809008,3.997874573399864,48.147737443733604,2.313741612555342,-0.03012787525654406,0.03040913291465308,-1,-1
0,14,0,0,45.62688743405342,1.937920592451145,-0.016018672258002478,0.01569494417257551,-1,-1
0,1,177.3292560387629,51.134904655056204,49.127166750324676,4.472791164574181,-0.1812410013323691,0.14741055634377492,-1,-1
0,12,169.34582004081852,51.330935032590055,54.61504843736673,3.3120415327463175,-0.04269611289098407,0.052911230793883574,0,0
0,4,0,0,45.87168195264097,1.8776238513367023,-0.015012433671867328,0.015539297039755127,-1,-1
0,5,0,0,45.44354224624833,2.5024928602344207,-0.015835222392841627,0.01999643905424494,-1,-1
0,112,193.9921170631351,25.69986034897331,54.24907745894438,4.695046543724607,-0.07633820917681457,0.07128861282764669,0,0
0,106,167.91170347045087,28.94083848554483,51.52327798025034,4.347761533535975,-0.04428363058859481,0.04565475636379666,0,0
0,137,0,0,45.548832573213986,1.4901887367123139,-0.01943482932344135,0.02113532080087794,-1,-1
0,116,171.5569563552059,32.92315688200633,49.837417444722206,4.436649479788941,-0.06596493949239983,0.06430339968367758,0,0
0,10,0,0,45.92342247544571,1.6964666556472547,-0.016260800867908716,0.023176527293284843,-1,-1
0,13,0,0,48.83155599276758,2.740651799991306,-0.03069400309223254,0.033859243136415564,-1,-1
1,29,230.42848914949343,60.89771173689625,68.16170107112968,9.870894134962548,-0.7396785619924118,0.7485377160489319,1,1
1,15,201.83556205496598,51.425177880725926,68.06298766717144,7.3287017406248305,-0.49775937587761143,0.4758478703512668,1,1
1,22,217.60772346341514,57.97705619546008,56.886379246332105,4.714187771084282,-0.16203560686810448,0.17040034109454136,0,0
1,11,116.92780670652174,9.00720159662018,59.67452379408171,3.4650178327618137,-0.11810286479822854,0.12407114192701761,0,0
1,31,298.8533320872491,1.162079332212569,64.94697259125768,6.607188771233215,-0.3138013345741867,0.348589314321509,1,1
1,27,179.15744173241382,33.174203006340406,78.74259521166803,5.011174856572307,-1.1390112602182652,1.1373847286195287,1,1
1,25,219.26139681436135,49.32607618054119,69.0436630074307,8.414640553527041,-0.85986192449281,0.7608318785650163,1,1
1,9,207.4448681154135,61.391643183014985,67.55542607898843,6.340803783048407,-0.5126017562885073,0.4800389840404363,1,1
1,16,160.54758398625282,55.039905998270285,65.65582898791139,6.321856898123065,-0.4221215697228447,0.40162487310646977,1,1
1,2,194.31013228580434,56.950648152109515,67.0914818534305,6.588203527016998,-1.0253142750607898,0.9332896964128369,1,1
1,8,200.18878574020394,57.58679945165795,65.28773047596712,6.485135757905628,-0.40077322497624673,0.4570589199186947,1,1
1,32,135.75410680338976,18.38246806845125,52.98951561488847,2.6515134820865227,-0.06643135162174597,0.06722935544629388,0,0
1,7,216.45668612130984,46.489247494516384,68.70226403775209,7.602926086355458,-0.9824946520607921,0.9800481363102336,1,1
1,20,181.38226211236466,68.58589499644299,67.40769494135202,7.309652730129121,-0.8323778027514598,0.7881136068761962,1,1
1,14,162.13219300839083,34.747107843044844,61.03371415633973,3.363515913155546,-0.11608335253372243,0.10344614892919743,-1,-1
1,28,135.48721742214926,0.6983112818266606,56.628804899565424,3.2068047655739242,-0.14984068278263932,0.1241550263975025,-1,-1
1,1,196.8362862901513,40.95690414495822,66.63017717631328,4.564403032027367,-0.6032025008431452,0.45836324274417867,1,1
1,26,193.0398559228279,42.35509288949702,66.92327956110184,7.542916337315012,-0.6991672590306802,0.5947133340791004,1,1
1,30,191.92566178687187,56.057922639403856,61.030046108193105,3.3108635821646453,-0.19669509768908736,0.1856405129504302,0,0
1,12,199.39746670798195,11.995700420615323,59.45576160843221,3.8735866060776702,-0.09259753173881921,0.10061197770109782,-1,-1
1,4,223.69425789092574,53.0521459600548,65.94211671521788,6.142611813039126,-0.5249054272984538,0.4332886043609859,1,1
1,5,215.6864393756073,52.126776856230634,64.53200141407588,8.027145707435874,-0.9230539479869075,0.877347337448063,0,0
1,3,223.51725804750748,65.25368370593999,63.188868274174204,5.453192223240179,-0.33142521371414174,0.3585104809924854,0,0
1,101,218.62689066225624,39.78413659403649,70.51228164804084,8.485997257450055,-0.9415912671246698,0.9652623592448957,1,1
1,102,209.26206363317237,32.85354812664035,63.35628647647043,4.070945159270802,-0.1849183353699866,0.21848593603404065,0,0
1,103,173.16619716283554,33.2322946704731,57.10608577507329,2.3440063196331304,-0.08156098831936888,0.07855580555004943,-1,-1
1,104,208.07866285091382,52.47886594448406,66.94144601956185,7.1929221836612545,-0.6584638345411125,0.6680924255457523,1,1
1,105,135.573202706095,0.9708672684992781,63.40992963833885,8.247440917919274,-0.556090793486794,0.4581780075220255,0,0
1,106,190.45605995566498,48.267629122153615,62.36403334950675,3.973420195300802,-0.1955230156506802,0.17203089226349427,0,0
1,107,171.66350604773427,68.49985751189809,67.36119100836109,7.778225957297961,-0.873824285564443,0.7280461444949458,1,1
1,108,234.3636541848074,19.61668512598779,69.56513923655407,7.4047740922863445,-0.6630947086814362,0.7273745651808811,1,1
1,109,93.62678863844772,14.973945426203912,62.46019211055566,8.053033749299805,-0.4381640375800793,0.4613818001109298,0,0
1,110,127.93554481447663,6.878958976037734,55.99629406621237,4.122434384532609,-0.13543287730892725,0.17094090260407496,-1,-1
1,111,149.77346860875008,53.64072275260326,54.679268293455635,2.921996620875538,-0.07877023917258114,0.06929569556604205,-1,-1
1,18,192.92330634862682,37.02285588436575,62.10214969788245,5.774662276757896,-0.2236347582129722,0.23586475658900838,0,0
1,10,155.86013393049615,68.28323204858978,66.42516898732147,5.174299159805207,-0.45499012584565196,0.3817959687548857,0,0
1,13,157.31065428637334,70.77241327838725,56.47245064353163,3.748051583627212,-0.17914093063406553,0.16331804459253704,-1,-1
1,17,138.29039551485496,13.815925424159385,55.96302698823718,3.2198964469348854,-0.12181031192469767,0.09759079594853211,-1,-1
2,39,199.87468450676172,40.83908869783354,65.35840784132301,5.771580966224525,-0.288811609332104,0.3638820920836863,0,0
2,29,235.10065196944961,69.50582174854299,74.0088513559256,8.262226572967611,-1.2699798840778884,1.318662786734367,1,1
2,31,223.0828909126354,52.803581740063976,67.9864250087401,10.343364467784918,-0.8259838756994304,0.8582008490474313,1,1
2,27,199.3849517863421,61.990668102776795,71.94992778721236,5.65228830649043,-1.0401499651460777,1.0411643968462967,0,0
2,34,179.64762339209676,18.612947389468687,64.67052532425977,6.036185755051019,-0.41129442004680683,0.48951474294645836,0,0
2,33,213.1767245614506,54.713098781777184,57.98098330157836,5.979092361356136,-0.27350801100066907,0.27649304651027584,-1,-1
2,37,215.2641883627652,20.783773248064144,65.90800670204669,9.956439218265047,-0.6567676943498103,0.6671200273753028,1,1
2,36,240.74441806419873,48.43915666859488,65.84712386439597,7.403439688935679,-0.45610340908524627,0.5111254365261207,0,0
2,9,206.6486836482026,53.44483262560033,67.18960202967877,11.36054858361341,-1.1235259949024234,1.1388135489367346,1,1
2,16,228.54356640093658,45.698545156358584,67.56675592995454,8.360310878992196,-0.5884577470381328,0.6758502761500739,0,0
2,35,214.3775719040593,64.64268303422045,61.90143748485045,7.4730757748027985,-0.4082321388841303,0.4228259260435636,0,0
2,1,124.90064937541332,40.72980839984873,63.01944445726432,2.960034291175972,-0.3858265825027014,0.28047416822706,0,0
2,30,213.8380746781968,43.24589103926781,70.63361876207522,8.117484515494535,-1.0262766078405572,1.0211322626280888,1,1
2,4,240.5953163238303,48.81568713179142,72.1818668343441,9.605814276095092,-0.9578310730138514,1.0004555319968969,0,0
2,5,206.25719971021397,64.40835027067604,70.91301079105811,6.846933191444784,-0.8396903518340819,0.8997992511813826,1,1
2,101,204.202306040187,45.17888563882391,65.9810415890555,10.2176246224204,-1.004532514534192,1.0063010647392807,1,1
2,103,201.8689837201445,64.64518448081533,66.49705691852473,10.831645863056742,-0.9162065021006754,1.0179993009893127,1,1
2,114,172.14941636856193,50.55977683434934,68.58611420868199,7.4599355037362685,-0.582659334844376,0.6428237893992815,0,0
2,115,196.6499307644366,37.63772972121555,70.33615478608067,7.245754584098352,-0.8851959339693192,0.9068428173000537,1,1
2,108,210.48054346319395,47.237430282894465,71.09220347568724,7.928552103028386,-1.1643250734346844,1.1404838648198636,1,1
2,124,223.06321105154785,18.69608004359995,64.0928452987916,7.2997854857720785,-0.29281600692757925,0.32516979342868163,0,0
3,29,146.3248649406578,2.026062789301433,46.27695152364915,2.301869918992861,-0.041689039505076526,0.05250857575120228,-1,-1
3,15,0,0,44.74643042387113,2.3147019763525165,-0.027206222804770048,0.023729796966165343,-1,-1
3,22,212.1661732657674,27.93417302414601,45.02713541014618,2.2134601444855715,-0.02077017826147002,0.021467207473943987,-1,-1
3,11,0,0,43.53775303341279,1.7910393341532422,-0.012298238209642131,0.011301645248590116,-1,-1
3,31,163.62019650097224,13.978180398647055,46.1178269364535,2.720203846840754,-0.026729859849821614,0.02914407025067814,-1,-1
3,27,173.66355500542218,52.81417457416399,61.00654660509923,7.132438110358856,-0.6728194826431925,0.6550990320704662,0,0
3,34,168.76646172052378,42.22523388446212,51.950931177720854,8.005205033032748,-0.1777430144831464,0.20919208423145993,-1,-1
3,33,105.42341250411567,2.783793088885153,43.44090865592506,1.9787316017289354,-0.01184614145312374,0.014544085870166175,-1,-1
3,37,202.35860564232036,12.618337814610461,46.42597668820842,2.5020200054304587,-0.04779128393138352,0.042245451194618325,-1,-1
3,36,237.10745965571184,2.6863314799026115,45.26675169164617,2.7495258436186973,-0.03630002905167178,0.03365205769278094,-1,-1
3,25,171.977157348217,13.26339605012767,46.30862635477607,4.27440852478445,-0.05967765998327957,0.0559087693205631,-1,-1
3,9,215.28778408975796,45.417397091924414,45.47584326175722,2.336252935251454,-0.019773753947747733,0.021722794575782318,-1,-1
3,16,124.66668173120698,0.2673493645693473,45.002221215778256,1.8251025834239083,-0.02196216136283527,0.02148572975649911,-1,-1
3,2,208.83562647704784,44.292457835860844,59.54786158214678,8.194996592365147,-0.5532316879241833,0.5528037342122439,0,0
3,8,279.54872497131726,16.951334511921495,44.32653180510668,2.411732143793668,-0.018001039601117496,0.01809429795192098,-1,-1
3,32,0,0,44.14993866206671,1.5477014118052848,-0.014193269529623794,0.01211351807454357,-1,-1
3,7,224.58379063008752,7.080405870710803,43.71720636270555,1.8236908987090883,-0.013637111377116864,0.012886586145466165,-1,-1
3,20,189.89656307284164,10.276425563743196,47.11664931861935,4.98206296102673,-0.10417176713770873,0.12531946072771877,-1,-1
3,14,0,0,43.45683500329517,2.316903158527673,-0.010793968450966064,0.011576399893374424,-1,-1
3,35,271.80519336824034,13.704523880349592,46.37715879644296,2.968261029675956,-0.02607848726685122,0.025389717680268417,-1,-1
3,28,259.81001598093934,2.8361203022064028,45.83520332185552,2.187669156539512,-0.04757232544131257,0.049570880206826595,-1,-1
3,1,150.03203801513996,0.12489770440472446,43.8665124005205,4.8121913473636875,-0.30294581515428676,0.3172750628380303,-1,-1
3,30,0,0,45.9390420493467,2.6134783647506983,-0.02995695913147525,0.032626114903403496,-1,-1
3,12,0,0,43.71293360606966,2.035761518323394,-0.01374706654394518,0.012010442897934816,-1,-1
3,4,265.3717888089881,17.17431591255385,44.76898293752462,2.1216798392774177,-0.019452068030301188,0.018717285957273875,-1,-1
3,5,0,0,44.1906918842058,2.1249208092962233,-0.016546331256836272,0.016078278708889927,-1,-1
3,3,94.27232059495373,0.36363136232532656,46.176507318636276,3.8791393078212155,-0.044067356613629,0.04473935405103413,-1,-1
3,130,195.54170633454694,20.074276574358816,48.53188290661627,3.1486876261232846,-0.029633686010703778,0.029867245063538297,-1,-1
3,131,197.55517489656353,31.937094998971652,51.08534005904759,5.921070687166026,-0.10569495453021119,0.11849123415479614,0,0
3,112,266.4504087781117,7.3046732383513655,45.70054160266155,2.269941672668666,-0.037471614167195307,0.027269352605711904,-1,-1
3,133,242.2232462642651,47.91361326070915,55.76483625605431,11.842163893769687,-0.3060222462831782,0.24964874077351504,0,0
3,106,239.669635602342,17.036575347470947,53.63113522161762,8.222225986852218,-0.1884202768444806,0.21357050538130198,0,0
3,113,221.27978911164698,46.61958559160964,59.921387783733564,8.586198931362734,-0.5899985101337959,0.538453689051316,1,1
3,107,214.24008914809016,36.57665648923571,50.42295468628018,3.215969612181034,-0.08608910893937957,0.0997408323617884,-1,-1
3,118,231.0868414209782,41.107733341163836,64.51584369200684,9.386653607317028,-0.5421909454184235,0.6571437435986706,1,1
3,109,187.96772375426633,15.552120133273219,60.718966251884204,9.157357186759093,-1.2751676697360699,1.2268941713630528,0,0
3,116,204.80686458677224,22.18194612188759,52.405478285475674,5.799408936957324,-0.11344626859640165,0.13836311316308658,0,0
3,117,193.08402947797373,8.554458441298646,47.792410173689596,3.8511609173604517,-0.22032035488313945,0.2458714081023153,-1,-1
3,18,180.2882745252564,8.31361243448961,45.717418093700786,2.318528310146227,-0.026927051810373036,0.03665916729075311,-1,-1
3,10,179.0413068964174,3.1853043323610217,44.09035707017595,1.4489191297400965,-0.0160218367473061,0.01235008934118936,-1,-1
3,13,169.941761967548,78.44636579027072,45.48689523897157,3.35047473598788,-0.05256548983225811,0.04893287692246439,-1,-1
3,17,0,0,43.93067729485689,1.704196156622994,-0.01651796288510898,0.023579213392122867,-1,-1
4,29,190.19366703245666,44.000340041358406,60.34867975071023,7.449591735755705,-0.294229849883512,0.2450303056752054,1,1
4,15,141.41921618391382,30.740087262712702,49.706821264817435,4.671918243728548,-0.08800553613692855,0.08334593764269291,-1,-1
4,22,148.93661154347018,66.04499884386448,47.98820534223623,4.060365716748728,-0.06390441673327746,0.05632006083017671,-1,-1
4,11,220.4281681959667,45.11559472345462,49.635841972005146,5.6160387282237,-0.05917553074212449,0.07259251251603639,0,0
4,31,152.2552924815747,60.08146919859283,58.29884304635712,8.45478413663524,-0.24150168441325362,0.2497940703032985,0,0
4,27,181.81143217373204,41.71794975792202,71.54123060043597,9.892540145587981,-1.0081682776010126,0.9341071632877851,0,0
4,34,186.75059116635288,55.223262065250054,47.97984731826477,3.6715938504207646,-0.028399955912721635,0.048254414597108886,-1,-1
4,33,220.68185057244162,37.45829204885417,51.725764712467445,7.060509973550904,-0.08609818527499935,0.08215467420577405,0,0
4,37,147.79689867159053,42.77117226871715,60.27906780977425,6.48521521725331,-0.24460335281416237,0.21082705254921627,0,0
4,36,177.5170568778146,43.28892928633991,59.04159226354667,5.241837381883705,-0.1493072928314006,0.12365133843817884,0,0
4,25,240.11319205280012,17.45101957021668,65.95078768677992,9.065641850034444,-0.5356850015238491,0.5452583565839347,1,1
4,9,230.29820911948286,43.18539166686361,66.00910853659035,6.688777804802182,-0.30639979559772407,0.3237769333506055,1,1
4,16,190.45620105329624,60.865101421486635,63.014453926182135,9.670236775567865,-0.4544581992356612,0.5315017897872467,1,1
4,2,0,0,64.44013862042416,10.276099763674196,-1.0404999370749044,1.0919885059180179,1,1
4,8,179.27489864027945,62.09170789471675,59.72673662882415,6.004059132880239,-0.12526121909025822,0.14255526622280176,0,0
4,32,113.58029272273825,6.8581837144727915,45.307321754836565,2.1325606923052702,-0.018876011944835448,0.016923070113855933,-1,-1
4,7,126.50768768141837,27.474536242839125,45.86945040984128,2.5254130592952917,-0.020108747841114192,0.02205664612891111,-1,-1
4,20,155.15656852901404,41.775264106466956,60.718945773025425,5.900839470421076,-0.18944890269603493,0.17008497562674335,0,0
4,14,124.47260637757357,47.60803686855828,46.07474084888016,2.9856927847353987,-0.027922951147076533,0.02642273209882186,-1,-1
4,35,176.39960770675378,69.98337002204707,48.44527267826958,4.393751897696136,-0.058276825618467865,0.06703735599679543,-1,-1
4,28,222.64748439566995,62.89481967905114,47.3255121907962,2.2969538953549375,-0.026665257330515783,0.021436489796711825,-1,-1
4,1,224.95138744030288,60.320737833314126,56.93326720812771,5.287933596074793,-0.313648526494002,0.3104466303143958,0,0
4,30,193.42055387614357,54.71959612107017,56.195560187245114,4.355401864551369,-0.09613290371124195,0.13509164336675444,0,0
4,12,123.82131335364042,35.492596636828,52.216667932811426,5.227352555818475,-0.06885238647672307,0.06236798962188196,0,0
4,4,167.54788885576116,59.86709976696909,49.77959657074933,5.420408585399149,-0.047121325472598286,0.05618821170499176,-1,-1
4,5,169.21225604481302,57.55484109700545,56.87192948069887,4.259942087349873,-0.09055292404684447,0.11064444998510468,0,0
4,3,212.02875058885883,61.16348293287861,51.49476467719635,4.539711498894673,-0.06561658253467874,0.061426513114835275,0,0
4,102,220.04853975977247,55.21664869026349,62.3754360070692,9.893460436218634,-0.6782323359567111,0.5798703553656737,1,1
4,103,166.18459804677812,55.84267646846899,53.44131525748456,5.419518845392376,-0.0892586088652766,0.09640941893987608,0,0
4,104,164.49057153197103,62.128246758825235,57.52098818349072,8.183531046767731,-0.1858519910251526,0.2414165255282941,0,0
4,112,189.7471631731044,60.33449003011521,58.900023967628876,7.190603882573674,-0.170067116922849,0.17695558927633134,0,0
4,106,232.89511795334124,38.76092727545757,61.48684572328188,6.735898635284841,-0.23322398251076543,0.28784602430463,1,1
4,113,182.32884867190543,67.5586019937818,65.07075338163243,6.6682956952689345,-0.3323313518366821,0.42084873236863296,1,1
4,107,167.74592911789506,55.22944346588667,61.193229093688494,7.45023835931759,-0.16210896646443226,0.19122176396541155,0,0
4,108,190.5566210554372,59.22660466126385,64.32826449330277,6.0820859194968016,-0.3260814725616285,0.3354936265036576,1,1
4,109,227.12266797584712,48.04560311582326,50.31494257003876,4.325912602153846,-0.05677506637855992,0.06001629154459463,-1,-1
4,116,177.41956220048874,60.33744023452694,54.49477359720296,3.9207945483611693,-0.08195311552833538,0.08216569325896383,0,0
4,117,162.34712274174814,50.57672531526402,48.96421911937672,3.533935149754374,-0.05760725143672022,0.05856508180581463,-1,-1
4,18,145.15935538129975,56.78940224780218,53.583356321880935,6.399149989679347,-0.09337625258252791,0.11587401725378285,0,0
4,10,138.4591776194804,48.31798942729183,47.547998739855096,2.5932278346371977,-0.027925057594544837,0.029644188170158518,-1,-1
4,13,109.15058871349538,15.327110697931804,60.63529446488432,6.230153598565111,-0.1542802788528667,0.16021804403503692,0,0
4,17,76.91315361424515,1.4936129156534654,45.74451515995616,2.101830291655785,-0.018699076142303334,0.016104887401154743,-1,-1
5,11,0,0,46.615103841421615,2.10190926892741,-0.016851500857004147,0.019022386647893158,-1,-1
5,27,184.19400953165885,14.960165677803307,59.96704532167869,8.60256180146221,-0.28378921591286577,0.2534768816791713,1,1
5,34,210.73641919073742,78.25096116257421,53.39633614205187,6.739651227342151,-0.1625792970830942,0.2149336178801195,0,0
5,33,157.142463026868,1.4806264127920064,47.052630626683545,2.0213515785830265,-0.021966790577325472,0.020333269304693508,-1,-1
5,9,160.5439975526677,28.51802937162021,63.20059087322433,6.9356598488103325,-0.2975079015519777,0.29972115943282074,0,0
5,16,253.89494259284123,49.92751650313574,52.54787507438499,4.581945615016636,-0.07703644323432467,0.08515079976669813,0,0
5,2,0,0,63.165583676686104,9.695422240500676,-0.519483983367987,0.6018719102121609,1,1
5,8,163.23324869623713,6.367821967460251,50.87140049790341,4.08223912240509,-0.04956382884384678,0.05749231689895636,-1,-1
5,14,133.66586145785797,56.277717714524,55.04313395818194,3.888877142039527,-0.0864373393243945,0.09282005636390629,0,0
5,1,150.08628304199573,0.10222992424422693,49.29820522749085,4.855873579675943,-0.2938965975036341,0.29846128377389564,-1,-1
5,12,210.01401115712346,56.72631250790802,65.00010003854338,5.102050651277173,-0.23214884629568835,0.22183184615018509,1,1
5,4,0,0,47.34063929248584,2.0956105105860243,-0.027128315233505153,0.027155311538173035,-1,-1
5,5,178.22959238811328,3.6660005477495328,47.66540957527053,3.380121782927433,-0.0325578170566105,0.02650976187415024,-1,-1
5,103,225.19051756791677,2.6966966942599178,52.65589850374452,3.492644667383292,-0.05469599299014324,0.06831438169491218,-1,-1
5,104,141.85324185707353,36.798430868195794,56.82978105599344,5.747611932119756,-0.11649333726875331,0.13101383448242984,0,0
5,112,231.164676769753,16.098611258632793,56.07124829954406,5.768380991111955,-0.11477333154526202,0.10854219746032698,0,0
5,106,171.77268009252558,51.541437804098344,60.1820614248734,6.851939047754005,-0.195843513398213,0.17195720862060765,0,0
5,118,206.88953869894146,52.118937754675066,56.39711359162103,4.747114822802418,-0.26213658773684967,0.20010919578900901,0,0
5,116,149.18762615480964,26.94658971623135,54.78023096974588,5.7535510494096345,-0.09371580999825765,0.09618444788540706,0,0
5,10,0,0,47.25637542086793,1.800910153828659,-0.02133151067479686,0.022053325373158926,-1,-1
5,13,150.32850624943106,31.01434685811469,52.72682337256927,5.183549344066267,-0.07386102940385111,0.06275333258409294,0,0
6,22,191.4438541367243,61.18768048790098,61.83086107038992,7.060903542340828,-0.2687054121595962,0.3171017501468518,0,0
6,27,199.57243098067747,58.63763659133218,81.36358893473971,4.932484368473876,-1.4784282688878478,1.4431437063119463,1,1
6,9,230.37164404972404,53.6420272943061,70.19413443041431,9.057102978424528,-1.0921186449256612,1.1329910121247393,1,1
6,2,219.69074193021285,49.77266328718485,74.20784235978797,9.556465070345375,-1.1513430526308024,1.1683164546522335,1,1
6,8,242.55270886760078,39.6354629098712,68.78551292852309,6.419622935050119,-1.0394235201840756,1.056432440620207,0,0
6,20,192.55738948919162,48.40040983934494,71.70812273928786,9.931494972019017,-1.0699106030871048,1.1457789538150784,1,1
6,1,217.4645093938306,37.61806629713671,64.71399251359337,8.049488583665916,-0.49152807979760765,0.532854287229168,1,1
6,30,209.1640775584772,60.2175515436467,72.06015877270664,7.16942791048275,-1.0092022713997935,1.0101398463443867,1,1
6,3,211.46456982119983,63.913934733174,64.1537150628117,5.459277722104543,-0.38571779803791406,0.38211523224760624,0,0
7,29,197.0943264543011,64.80341026748675,62.066858060743826,5.228774997048993,-0.2911384075978979,0.2925786863418953,0,0
7,15,243.9749810746777,44.22988067708508,59.8918263514942,5.136979339525843,-0.1538319714176923,0.15071121764865075,0,0
7,22,222.50342311082193,51.97873466811684,68.66067486864402,6.905460894486723,-0.673676538952283,0.903127245697602,1,1
7,11,249.16187906766893,26.55250232727878,64.14188258458621,3.222396433934274,-0.1605596477343234,0.182659473743694,0,0
7,31,205.88005007063506,50.8150583374523,63.55537277418218,5.867542196457386,-0.23030902405049417,0.25450225572542057,1,1
7,27,221.41586557683334,51.77147229395426,76.3947465443841,7.42716357888021,-1.1226620196934198,1.1277884225040893,1,1
7,34,181.7954691628192,55.461416179228245,59.22173787942568,5.893947514585669,-0.2291049250095634,0.23360052353021743,0,0
7,33,197.0630724920047,51.48539229891086,53.79593301522887,4.5887153244071595,-0.11591873447225877,0.13810544614818113,0,0
7,37,164.54869080327762,16.415937840006418,64.47019163583363,6.556110878571631,-0.3413812102875423,0.29341322298221867,0,0
7,36,184.6053588337219,57.452970863995155,59.52762413262559,5.114059800341753,-0.1812344253151225,0.18573910816685857,0,0
7,25,209.0110023444997,55.446007487630894,67.55292364686386,6.550592232772161,-0.6585943327034025,0.7176698687693994,1,1
7,9,176.4161874040848,79.21292206056697,65.10541513486868,7.289087190091862,-0.36589573976419837,0.3759963385361763,1,1
7,16,189.97291959217253,68.72448778684083,62.37428883237833,3.667499438804411,-0.1932407457752461,0.19258872549873116,0,0
7,2,238.565507470094,10.46057301399582,65.85621380445868,8.82220942230948,-0.7371402314532575,0.8485587016417342,1,1
7,8,234.58835573861612,58.93199286458017,64.84703478240907,5.522242960255515,-0.2593308821336387,0.33353278450247426,1,1
7,32,206.0745862240605,47.022515228228265,53.88194936955202,4.259288017024381,-0.08947289541210059,0.08529829017448887,0,0
7,7,151.07769673197217,39.7721129180202,52.28850373986381,3.165755431737756,-0.06400423671186899,0.06767414745889108,-1,-1
7,20,163.94979584923192,44.27090276499018,63.231145192950166,4.946846914160916,-0.2489240178987265,0.2608730926278674,0,0
7,14,229.78306510138924,27.52497994160953,58.08398232467247,6.3864455521622885,-0.271151031213358,0.24600300771618241,0,0
7,35,168.88039168903117,0.6323736608247922,53.252137805626056,4.218339211407179,-0.09874885531801031,0.10456185315053096,0,0
7,28,186.62797472573152,70.46612158518997,56.73810102910425,3.708995979799356,-0.13532351501365433,0.10797197148903546,0,0
7,1,188.55760620879778,33.73071570696746,65.62959637672127,5.5168458268558105,-0.3875138504201812,0.41459945566552403,0,0
7,26,181.99879480888103,38.48933994329909,64.53978628376126,9.369783741812395,-0.718176849791243,0.7291886979751829,1,1
7,30,211.39419216793507,75.68815642826121,63.8058229021734,5.275711815050161,-0.2634920518762224,0.2579410161257503,0,0
7,12,244.789587736912,49.18881973267307,58.77132261104938,7.750119090145308,-0.22388238291631596,0.23477514150334727,0,0
7,4,152.8389467952282,55.98336285193857,52.55928485149435,3.670508793628421,-0.06075255828854101,0.06437282736060458,-1,-1
7,5,191.55538390315584,32.94949420260084,61.74893108666079,2.9514868232971394,-0.13550433312051274,0.12144244537495753,0,0
7,3,192.62331348212618,48.85174679823207,57.36507117822718,3.7899907626629563,-0.09948720225664412,0.08811393943471013,0,0
7,18,203.4415862278042,58.845585441931036,63.11983503268962,6.806549945490791,-0.34467846703109717,0.3991693879462827,0,0
7,10,188.7821705086132,7.390376728614902,52.98269222416733,3.305472942602316,-0.05309967261660532,0.0656454219091822,0,0
7,13,197.31035296163628,58.761373852318194,64.17415260356816,4.21624184868866,-0.22626062223366067,0.24269205901769456,0,0
7,17,0,0,52.36471526458395,3.269647778536196,-0.07218689817730821,0.08010283207858697,-1,-1
8,22,183.68057529015937,32.301114157322424,63.136593735450624,7.6334091861167686,-0.41981219567748956,0.5182543493627711,0,0
8,31,195.96607171409346,47.35845472673001,66.55207268589021,8.594478215761985,-0.6275705519161284,0.7196152999483612,1,1
8,27,203.41750697321817,64.67439023062043,81.63361159406858,5.682062339313163,-1.3353953947428552,1.2705125109894182,1,1
8,34,179.2394696171907,51.02652291863419,58.01500886159359,6.1978398569886455,-0.2734806335832888,0.24341032678952934,0,0
8,33,191.63894106083632,30.056018937842552,57.816264918559185,4.205674064248164,-0.13086911669019977,0.11756273504271891,0,0
8,37,226.174586045926,55.66156774817169,70.35352061250363,7.937262808051661,-0.7281811814332437,0.793486904717529,1,1
8,36,212.78700044063623,44.30277738677268,63.72757367437412,6.244413561537985,-0.482083032320759,0.522498595801014,0,0
8,25,182.87811542429122,60.10425177970053,73.85396434201697,10.158336156085708,-1.1615498419851766,1.112918948737714,1,1
8,32,209.9626000595164,40.02680225501195,55.12034399459078,2.948045345965933,-0.09716886951989488,0.09778167616034503,-1,-1
8,20,188.3636762027502,50.05287504348839,68.61626809111519,7.228301568390714,-0.6031700203087202,0.5847272680835125,1,1
8,35,202.76975392110197,59.733079262089056,67.5560474461377,8.693012774867048,-0.8863282445507807,0.8109880918638125,0,0
8,1,184.2816720978734,50.09030992462849,65.29385631589825,5.450914804851419,-0.36319938204795155,0.3621974734341941,0,0
8,26,209.15574482388755,51.46016655251629,76.28620220846427,6.71327701596809,-1.1214754196195442,1.1009532807400515,1,1
8,30,191.4991932798116,52.18325749826551,68.5303967624541,8.314732620525929,-0.7092517579182045,0.6545354108782279,1,1
9,29,226.62419121207387,57.2334173305562,65.1281368131574,6.3773231582461145,-0.3934887175320502,0.3519820550871717,1,1
9,15,213.16975001761998,27.40816901342969,60.386071246224645,4.360283388432632,-0.19631457502524197,0.208760646629435,0,0
9,22,192.84720960192004,61.501163470639554,66.87350781313128,5.686591803750066,-0.54702237684265,0.6086639776053036,1,1
9,11,0,0,54.46553624697234,2.520451405072137,-0.0504953278193174,0.049964369619474695,-1,-1
9,31,193.52269486281546,68.94878815756431,65.49101768976251,5.8772294128515465,-0.34637193315905696,0.3394145225696617,0,0
9,27,241.82271299990242,47.23867522962006,76.59508897563029,4.4139462030266765,-1.132356413771921,1.2301695919319977,1,1
9,25,214.8157608115268,44.865253967758875,68.28302930068546,6.511891583468002,-1.0188648002772753,1.0235146156128272,1,1
9,9,213.10268764289177,29.848260653453266,66.45548579748517,6.5738944951954394,-0.5866942552066893,0.629526396693293,0,0
9,16,213.72189307875678,36.695418236934096,64.87531765404422,6.047975095342697,-0.38833836322662213,0.5117800738404235,0,0
9,2,196.42427407119737,2.773160665293592,67.60973394716845,8.379223313492227,-1.0155444188807607,1.1752529147867192,1,1
9,8,187.88964100529435,25.409088676147967,64.70514707610369,5.003012981413975,-0.29196208615976793,0.29878499161036726,0,0
9,32,223.26953950965657,13.600617803205798,56.05582860480262,4.069355036871937,-0.5002740876381367,0.5872935642023763,-1,-1
9,7,190.01081792514833,45.620468936735556,67.47231154981979,6.677055156753352,-0.5393839067576345,0.5128658161566115,0,0
9,20,237.29770279195458,46.032028322678435,66.81017670687835,7.501859789952237,-1.046976011618137,1.0568415611786501,1,1
9,14,202.9009952280715,33.15028503637258,59.603044780332375,4.246560697454961,-0.15073287818662406,0.1362883774925707,0,0
9,28,261.5365076056107,18.087441679629592,58.177683967213405,2.972956657124237,-0.17365409727500208,0.1587124205477081,-1,-1
9,1,199.63768380660818,43.159612686319534,57.32758220097774,3.9257086640825882,-0.31445876717736165,0.3341143160944801,-1,-1
9,26,209.69031060196193,16.628093481515425,60.586029990214676,3.9415453281916952,-0.1775675229958715,0.21460434927945982,0,0
9,30,220.460173007641,43.23852213401246,65.801386086815,5.770607188978295,-0.4612938276900792,0.4002873709823393,0,0
9,12,209.39373602684108,32.92824154508943,67.84899955896643,7.524089925490283,-1.0659231335551038,1.1224223218292881,0,0
9,4,209.32646704481283,35.40580095178821,57.4646367972614,3.1667509482376257,-0.09945351418455124,0.09330948775830043,-1,-1
9,5,219.05965291714668,60.744421603421166,59.025043773285105,3.529345135492074,-0.10500272045142038,0.11981091822909533,0,0
9,3,186.00588831531977,64.54117520481726,60.251504172981676,4.680344667577411,-0.17985532959312728,0.16057463869412827,0,0
9,101,212.94856944835294,57.77780646678614,68.85599723539006,7.0608089325019,-0.9211922820796562,0.9210002701665158,1,1
9,102,227.7239753706874,71.18797723431639,71.46756645920111,7.804885671352218,-1.0579316665383347,1.2426640470922725,1,1
9,103,189.6439484920107,39.93415198942839,63.53772873646413,3.805535323811524,-0.23160076394644705,0.22494896526622554,0,0
9,104,204.54395019478437,42.5035357170227,64.7378787760265,7.430804438576578,-0.49010696921881625,0.5145143614593413,0,0
9,105,206.35696388276264,51.517854893316084,64.45103795036853,9.740152871085158,-0.614994626747417,0.7290890955666463,0,0
9,106,208.91156654799687,25.560772647037485,64.37158815461399,5.273990870833725,-0.2494569579317337,0.2821472754528518,0,0
9,107,180.74163912514115,70.72654511437815,66.27699594884416,7.8875673417037575,-0.6017909672887106,0.65143118017864,0,0
9,108,213.25246454707317,39.49368367531481,71.41109999492647,6.585971131201119,-1.019819321960066,1.0972858968984989,1,1
9,124,231.50872634724294,38.22686215016263,69.30626395314545,9.725565660742713,-1.0892078044678621,1.1154564680962908,1,1
9,116,221.36364414096724,60.14597960186825,65.58917832938758,8.309728264487966,-0.45143651936479584,0.46363279901844395,0,0
9,111,220.1781768934756,2.814478265106268,54.48537120791022,2.2424445720523725,-0.05487012635488747,0.05636579689433311,-1,-1
9,18,193.92984647994444,56.66958448069081,66.5422838419256,6.6247241557514505,-0.44809625503250256,0.4317266693930069,0,0
9,10,195.72777186503893,68.82049862197105,56.84593267283013,2.3826903467608265,-0.09177048545324464,0.07538200962123404,0,0
9,13,194.53743101830108,39.055552804443806,64.52607467271307,5.153100146940611,-0.315031041774157,0.30351352433917617,0,0
9,17,204.48034913752755,33.09648210667602,65.03668494221525,5.218240412712619,-0.4803136224499196,0.41189553850539573,0,0
10,22,211.55172976758732,70.26571910634192,53.060396676861,4.1451467936437645,-0.048989859385471575,0.05586357079928266,-1,-1
10,27,265.54664747106926,17.801024729360506,54.761369440179124,4.980589054823568,-0.06172840754543322,0.06618825341034776,-1,-1
10,34,205.49657882107604,28.626279650274718,51.524386043196074,5.220589022544252,-0.06579149987626658,0.07044188439969144,-1,-1
10,33,209.2567129974505,54.735261192426705,56.994767824321215,7.7614865781852656,-0.22234138597250375,0.2384665965588507,0,0
10,20,232.239935841875,52.342848486150544,50.753340211425204,4.671831402841528,-0.09983263071024974,0.10591716558544415,-1,-1
10,1,195.3623614830178,36.61404836903844,51.439312314339666,5.001594955464628,-0.3358044252400617,0.27690784547038466,-1,-1
10,30,208.14889966374733,37.6978713773658,50.14691476388872,3.6982138633184714,-0.05423157486154293,0.054384032147252,-1,-1
11,29,218.8021640217331,41.92625437324784,72.68995640414433,7.671400469606461,-1.139592399400731,1.1313690873612934,1,1
11,15,161.13982527658192,51.15670056450122,59.63586158763885,5.865313892726476,-0.1941930618208913,0.2121081652581439,0,0
11,22,184.683214164193,41.48727463052189,64.8182485235784,9.169824733266346,-0.980744013013204,0.9990452079445259,0,0
11,11,236.24398773029333,27.21962247668553,59.17124681696864,4.923516110390142,-0.11108598998669551,0.10760368306428436,0,0
11,31,175.22960558512455,49.192453805742474,65.46682547788448,8.961712389644788,-0.3923236645087777,0.44880085983502094,0,0
11,27,235.2940267014872,46.13421091642427,77.1243637408532,5.311928623410247,-1.2032754774987722,1.1602952750478024,0,0
11,34,194.39144993521907,47.69041448701888,57.78046717383829,4.9354863337509265,-0.1207806039840478,0.17656929291558493,0,0
11,33,149.17911710812828,49.91706471222782,61.740108258224524,5.19382546619657,-0.26698503561432924,0.2673335432040384,0,0
11,37,249.49381255335322,52.11823507059211,69.13578259412157,9.033475666033747,-0.7008599499188019,0.8281958929431262,1,1
11,36,189.84092797824795,50.258301359975796,61.03447162064509,6.3913392487103895,-0.35350989312841635,0.3977546327940144,0,0
11,25,202.45496942613974,55.85088345234272,72.40361363270796,11.346507281254002,-1.1514185652739728,1.1455418503786483,1,1
11,9,253.07588467367765,27.872490398313726,68.0708693204103,8.138981689484652,-0.5264022368394146,0.5313381596257079,1,1
11,16,175.50207310374157,58.10531234689095,65.98711127190391,7.4155019417124475,-0.8348212958751478,0.7710333031589691,1,1
11,2,162.26900889286026,33.52878916215545,71.2335086062266,7.097299068624232,-0.6575338389243565,0.7552991045967391,1,1
11,8,138.9213082423121,0.4488943106159537,56.19902097917731,3.353127743871984,-0.07253775946846672,0.07539296047480086,-1,-1
11,32,261.6691858654133,12.49976486897992,53.19320178574533,3.29617103378257,-0.058821206117038026,0.055278897214358025,-1,-1
11,7,177.04683592253048,56.66267374940652,69.07238313259852,9.158017261928078,-0.7779073593124068,0.7228435480349935,1,1
11,20,213.46564499607055,12.309020502810986,69.25453704566809,9.417109948370314,-1.0704086245425495,1.0457630055704992,1,1
11,14,226.98018546378822,28.83739802710631,60.89629749143707,3.698121406003489,-0.18880024242170357,0.19890970035459066,0,0
11,35,216.77041092718952,50.82284609869036,67.9826902351886,10.406756697047111,-0.873129907649887,0.9388152140842903,0,0
11,28,203.59723278634826,57.96922652655657,58.98809299612773,4.92082169850661,-0.15211269801846278,0.1361852343912797,0,0
11,1,124.23944442048975,1.4495271226481685,65.08732655716484,9.164027475457038,-0.6216876616151243,0.7441873026798969,1,1
11,26,186.27974947550592,40.38588316550342,59.60529548499884,4.431502201351088,-0.16703271029201555,0.1695119804386352,0,0
11,30,214.80908899539133,62.690941552522176,65.26022746373101,7.484766316904293,-0.6618888675791734,0.5597548958937976,0,0
11,12,198.147456651821,42.30101223699843,64.19082274426754,7.775136839846951,-0.4187986790397699,0.4625956392259789,1,1
11,4,158.88321063939367,51.75057502845898,62.7859088953356,5.337129510690855,-0.2886058715027815,0.24833437481310258,0,0
11,5,171.0873342616424,90.84303036596462,62.450388641310624,8.143449132349549,-0.37837423408126375,0.35480791587545385,0,0
11,3,246.25446414489656,43.56632986254218,62.530122539683134,8.505145666607687,-0.5017614920950343,0.6111811084631941,0,0
11,18,198.9388040329266,34.930571631548936,62.45262108161573,7.464947711484926,-0.3576149466002813,0.3728020477260027,0,0
11,10,159.2359033439298,42.97354859786455,63.793045928281664,4.246069163474505,-0.29139078889902875,0.40088285015152153,0,0
11,13,167.13998360443927,89.67624007474038,76.57758739354506,10.467249469004194,-1.1444554145258505,1.1592491902076334,1,1
11,17,0,0,52.15422652790019,3.128900634007756,-0.08968691594585533,0.07733787256263831,-1,-1
12,29,173.29467400712258,53.151924264455516,68.10417178185106,6.740208124440559,-0.5703806792092908,0.6385543356213096,1,1
12,15,199.623560705054,55.312994877013175,55.71280480331817,4.46343636425382,-0.08104764290793373,0.0953068717624307,0,0
12,22,176.69011177868109,47.847845698331405,59.62159029959457,3.0853177845626685,-0.0973498911290968,0.1044036401546244,0,0
12,11,216.64543247863628,45.764631489928306,64.02411319657652,5.5643206354546715,-0.2951127048661921,0.26970930347802846,0,0
12,31,218.80093991378672,52.82446319862112,63.12203514518537,7.065105676918257,-0.2908127519640702,0.3224783354846161,0,0
12,27,217.05578758483261,49.59963850706017,75.94629773075177,7.125064493728638,-1.1209670942479537,1.0420693708560957,1,1
12,25,189.5417260552194,59.97294065193156,69.73810924429868,7.239411621071448,-0.846604758227935,0.9815636311521985,1,1
12,9,211.30221794755298,43.50353259047683,66.02783142365712,6.286753884762529,-0.40082937952366954,0.47263640051572026,1,1
12,16,186.68147969499478,56.12379577731208,64.58030939363451,4.679045048654069,-0.44377566996921114,0.49629092352031096,0,0
12,2,214.09562940709992,62.92357285070687,69.7217145037613,10.123014104810894,-0.930096812469628,0.9394841490657272,1,1
12,8,197.88782406398101,25.25188488298284,66.3645610960817,5.821696720223474,-0.4504805023901628,0.4617024241379143,1,1
12,32,223.8666106498552,15.66628077563324,54.646829687729685,3.8513836146806955,-0.10660707096435608,0.14143308859184361,0,0
12,7,125.13557861563893,2.459523559089974,51.31924433412143,2.16981612198111,-0.04100931696223069,0.04133256664360603,-1,-1
12,20,179.24634767956374,56.95094016911444,68.06420862252753,6.738602693131343,-0.6639855068627697,0.6765682494601719,1,1
12,14,0,0,49.09085413107019,2.489266381557812,-0.022708243584831703,0.02406156250241144,-1,-1
12,28,134.0774984599055,34.33286257618007,56.88877906786549,5.103368297515759,-0.1361480881646999,0.10629013549294818,0,0
12,1,210.18717377822605,91.69970889674775,63.44081863256584,3.128148406004128,-0.31114616403383,0.29759162074635936,0,0
12,26,198.61854238552922,43.74198119737118,63.66655058920479,7.438846330748984,-0.571864345548433,0.49039143487000353,0,0
12,30,208.30605584122716,69.0347057511007,62.96665129661959,3.1471700659891226,-0.183900606361656,0.19757244002147042,0,0
12,12,237.45209808105975,61.659393514074765,61.82413302837926,8.999930038986188,-0.45674641980568764,0.4513524611692785,0,0
12,4,203.86491555876776,58.48078728929568,60.14793842478118,7.063131374823186,-0.2707344772584612,0.30757252175985267,0,0
12,5,165.18598859685034,40.34097207491181,57.06982653924606,3.965357075135944,-0.09737327212998406,0.09513883584169425,0,0
12,3,203.04229107689943,43.03947801239637,55.92370864204283,4.241303418620747,-0.12670292688865875,0.11705272381621333,0,0
12,18,222.614215799792,45.90505604645665,61.93943542302657,6.231256430859267,-0.235851637997119,0.2352538174478483,0,0
12,10,0,0,50.05259313820239,1.876504006749705,-0.04246953774175155,0.037080119022960135,-1,-1
12,13,231.70373202980147,9.620211484471568,59.379413329791774,5.73930355747761,-0.1297363915622575,0.12832119072746062,0,0
12,17,0,0,50.819181757431934,2.576315229210306,-0.0446473686418384,0.05120448532807016,-1,-1
13,29,205.48065862179462,55.63180959534472,54.59313905815161,7.993823303133283,-0.2155402152675911,0.3279506134254259,-1,-1
13,15,187.70075572296207,10.075858554311942,45.33056326703742,1.7672799071752898,-0.01960102630359779,0.01712500719091676,-1,-1
13,22,191.01749785596238,50.47840419396707,60.202573947893804,12.797900855814493,-0.4258629168678498,0.5574118811228436,0,0
13,44,196.83930079638168,65.4153869272139,62.7512414806533,15.401221854271892,-1.0271628398764538,1.064433032439435,0,0
13,11,0,0,43.856219046702435,1.676161549072093,-0.011225126033205675,0.012520578375660648,-1,-1
13,31,186.9242624001352,50.487652417929695,63.12484145594016,14.43594581440231,-0.6382602517439988,0.8509678065150234,0,0
13,27,231.1614685619153,46.87204880595958,51.597242470722556,6.24845647025872,-0.2093101022675031,0.17500281182749403,-1,-1
13,34,0,0,43.80972679068804,1.888172995135236,-0.01530776852993878,0.015067968867380174,-1,-1
13,33,230.66993286180025,1.2891401469475132,43.394272782715746,2.1652216421297497,-0.012136136226812212,0.011308991864616444,-1,-1
13,37,203.67654409678943,40.55821327539326,70.76010597947824,14.50129635030802,-1.0547503722400586,1.109077021091681,0,0
13,36,254.9316177195309,26.41909265310188,47.251342352791816,4.594078139942068,-0.064795469947245,0.051511580303804684,-1,-1
13,25,199.18787034050683,27.182167180775433,67.27078021340931,14.50670113038257,-0.8243007223932267,0.8516264726130615,0,0
13,9,206.2595472015946,34.39853390957657,71.74834381941429,13.630895682479201,-1.074200118182675,1.1084140798087192,0,0
13,16,189.6709640744548,32.72657384746084,65.73695342597497,13.813509795391644,-0.7043481971767579,0.7504373497054182,0,0
13,2,228.9088721358722,22.558405191356652,72.18566887212395,15.397331435283123,-1.441737174591963,1.8073172626224001,0,0
13,8,219.59252308642172,40.547815965261854,68.65473376510488,14.42202575277873,-1.074118127828502,1.083442543475327,0,0
13,32,0,0,44.65670103374217,1.7854872558651358,-0.02822081587064133,0.03733560453201385,-1,-1
13,7,207.5503520475224,17.52688163787195,51.86058018628763,10.20323142767889,-0.46928282753806205,0.5904671323064187,0,0
13,20,214.55463209421592,67.58770020924639,61.74245861267985,13.10820615676738,-0.48473694184025984,0.5591096294266312,0,0
13,62,219.44230950594633,25.795899528903764,68.42160878829573,15.374338989088049,-1.0251161236814286,1.0673411971930795,0,0
13,14,213.01491094664428,29.013495519451656,68.34011400173368,14.620350320847978,-0.7938693968521271,0.7649293104760322,0,0
13,35,205.0711506226469,34.548448141743584,67.72978153135301,13.473018302484297,-0.8226184653293782,0.9558938145006172,0,0
13,28,208.55874944330188,36.79986530162927,70.07763251812653,14.403799169235663,-1.017295924539145,1.0099859490074483,0,0
13,70,272.53744783736016,5.7755015763247854,46.59695280325324,4.566247352148591,-0.0917298408571261,0.0904942421093366,-1,-1
13,71,199.79802535543917,48.07220034916558,66.30577516721863,14.744478285908345,-0.9016345055217709,1.0298224341090394,0,0
13,1,221.71697973788616,28.197762509929845,68.66499819885487,16.086647410546323,-1.1072693804236398,1.0972922773676517,0,0
13,26,196.1210660655737,36.180930103497516,59.72981146116723,9.802876090600403,-0.514552799181015,0.4122017462842145,0,0
13,30,190.93766637124295,36.841414538052845,67.16201411102341,13.79724995122522,-0.6822882855739131,0.8531504621391092,0,0
13,12,0,0,43.37656585079027,1.8544334655025216,-0.011471629689252028,0.013933072906160315,-1,-1
13,77,176.56342693577494,30.395363467586865,66.41402928334406,15.155166287958952,-0.9994170762657294,1.0421833915318666,0,0
13,78,198.9810528924085,52.13450938241557,61.72599873974971,12.342312884387113,-0.52560920439252,0.5585890880616659,0,0
13,4,166.1496465286818,8.486778005163423,47.42186123835896,3.8349632653825263,-0.029186919313383432,0.0314029867967897,-1,-1
13,5,158.862648435748,5.248589952779735,45.31978458653478,5.091526932589891,-0.19738544916936668,0.1876427587619867,-1,-1
13,3,206.6672633859433,32.66385997564837,64.08271981169223,15.426404141355702,-0.8223709812450131,0.9153967927006565,0,0
13,81,188.86014775249063,57.8387690150608,64.26507316567279,14.391661234379198,-0.6750956533484532,0.7580849550469072,0,0
13,82,200.43783847734116,46.38789393759864,64.57613195269242,11.859930963694339,-0.9317613436419958,0.9192289746096524,0,0
13,84,193.39266809770422,32.58366550240719,60.1709280211754,12.290639878451413,-0.7493289752850096,0.8578695207964506,0,0
13,86,213.9239478139311,26.63319136427522,64.28475085923748,12.629028700366478,-0.8959394825475592,1.0661527906841344,0,0
13,101,231.86590029781138,15.997267799565378,45.337166164829654,3.798903608180633,-0.062447713094247306,0.09827868963387953,-1,-1
13,102,216.7704717767422,62.020052793647075,56.64906205599517,9.875440878943554,-0.4381184739015708,0.5117411807312902,0,0
13,103,208.18342621394885,37.40886895167898,48.610503948227304,2.876760234496499,-0.029835325185134882,0.031146456631809708,-1,-1
13,104,137.0494866402098,0.04606665016610081,45.519887287798845,3.0471422713883913,-0.06104475834456872,0.07448390484505206,-1,-1
13,105,122.42251624886542,0.6167372718013735,44.343364176234104,2.3706857982006606,-0.03653722069156266,0.030903021086759373,-1,-1
13,120,215.19020254228494,48.26048876361202,57.54879457686454,10.158952744352685,-0.38924428849686954,0.4201504281690639,0,0
13,138,268.5956008253903,24.204809429261534,52.651285578675186,10.68327677035865,-0.28550348545555976,0.3068936802131174,0,0
13,115,218.08313889249783,27.57037534689881,60.002755125565166,9.655562076964495,-0.5125297090980923,0.6488333042275042,0,0
13,139,199.1103427983498,42.20460538984105,64.21342580145357,10.849954824183289,-0.8387182570912414,0.9292759231730074,0,0
13,123,216.13563966939728,49.24712012573319,60.47694045118611,10.531855307543326,-0.3967571859258181,0.5575944980718408,0,0
13,108,220.06268777606263,35.61432036882148,46.89727359089991,5.17385768874208,-0.06564507443481454,0.05527998623852913,-1,-1
13,124,161.38348531850042,6.973157068760251,45.026716047821544,2.2126172342704353,-0.024643053926912954,0.03291293820099898,-1,-1
13,121,209.96038878224624,41.55634363670261,58.70498990316029,10.32021118715637,-0.4350749944875017,0.47435280084793124,0,0
13,110,190.98451912645876,27.303395939723753,45.50012728589595,2.8275539751677576,-0.02923210975847404,0.024036133250536763,-1,-1
13,111,0,0,44.52086487261139,1.6938556305365882,-0.02786446120274405,0.025526753401375706,-1,-1
13,18,203.84209180399935,19.3683245921023,68.03292152264727,14.900746877352107,-0.6977318444811871,0.9827881082276367,0,0
13,10,215.41754781409395,31.447515504374127,68.8823753293868,15.656774567775894,-1.0925423964180072,1.0610170670435424,0,0
13,94,207.2535994262359,39.57104404487317,64.26714623904911,12.787223892263889,-0.8502187432837461,1.068247567832577,0,0
13,95,220.22704555373375,54.98502684177275,65.77737604759352,12.756961353337394,-0.6157146892086369,0.8304584373400277,0,0
13,13,160.19390411964565,88.25367427892253,45.07669144444141,3.229660363636093,-0.0594210073995959,0.05197364448320816,-1,-1
13,17,0,0,44.29882382110803,1.651051655956042,-0.018881053815199556,0.019609686259486992,-1,-1
14,29,198.35725133853572,76.69653788946499,70.8634301964808,6.074838937637218,-0.7122742863433498,0.7838270026362576,1,1
14,15,219.81943867884019,52.16959539405909,65.8217537791991,7.427595437914703,-0.6098110694165956,0.5131289153538148,0,0
14,22,193.3226709545459,69.9791812664823,59.68137316045208,5.056968289080216,-0.33477541827330237,0.3163786270058434,0,0
14,44,220.98364627585997,50.02418559742228,70.28937997591464,6.424404844467666,-0.6688766576536178,0.7791930973464529,1,1
14,11,200.85613565348442,29.216983908117015,57.547947047624575,5.935472917560025,-0.22432073463296556,0.23004155692275421,0,0
14,31,219.03384675610351,51.89323533130896,67.87482099988918,7.414602236240358,-0.9107270764961922,0.8851880607653577,0,0
14,27,194.7981326048501,71.58865376494711,82.62634450542072,5.578564638380522,-1.222124169262965,1.2872163529006169,1,1
14,34,144.97429382751824,4.877788976216964,56.17216613297943,4.517350712291266,-0.09901175891854565,0.1027578645813328,-1,-1
14,33,0,0,58.361287550928616,2.0430461255698806,-0.06826191714969837,0.08865978506785778,0,0
14,37,239.20126982839807,39.86472211179715,61.03037608630115,5.698441247448521,-0.21555406962623502,0.25464253606045245,0,0
14,36,199.68434117038075,67.24081592657973,65.42842803724923,7.153666010473754,-0.5114246802855894,0.5624569129436781,0,0
14,25,238.00473989985989,50.403522381090035,64.20446903085822,8.017900249534897,-0.5268538906547232,0.5423621833519782,1,1
14,9,206.58374612704392,56.81673799277813,70.39444283509286,7.832820732450471,-0.8237342282398289,0.773432184841936,1,1
14,16,169.37404882981247,48.7392301708182,62.39283000608995,3.7274679058190903,-0.19955476990570942,0.2123399300458729,0,0
14,2,134.08464163367876,1.0654144267097216,67.12243434655608,8.167340662867822,-0.6913990664190145,0.6930398927507917,1,1
14,8,202.09583779092222,60.24303157513552,67.52184172786671,8.067042133878202,-0.5338864388097574,0.5974077384195864,0,0
14,32,232.56142387040273,48.50626728231666,66.26320764370813,6.3519771474392925,-0.5498233125329688,0.6289864468350385,0,0
14,7,267.52912611223877,39.00887155105373,58.19495241008648,3.7798047147526446,-0.14094378485520503,0.14451076297593188,0,0
14,20,224.4946762518605,50.63210775945693,64.93716446834794,5.77691452941497,-0.3574447418175371,0.4124756818529821,0,0
14,62,197.06431114322206,62.260235974815835,69.33097571424953,8.175823815325765,-0.8829134989676188,0.903917703744445,1,1
14,14,137.2556020623578,27.37162349923335,53.542837940549866,2.800934616728439,-0.05122978752713214,0.05300925590385764,-1,-1
14,35,250.70272622529362,18.871518088941446,56.657840517460905,5.143113029744872,-0.19350916952855474,0.17110626638766058,-1,-1
14,28,125.23790914481938,7.650464662468557,53.60876788969627,2.1478347117133554,-0.048447314370535934,0.0587835038137156,0,0
14,70,211.92718964633642,52.87222887183778,64.01461089047986,3.84432124892713,-0.31756902582329916,0.32877605489792033,0,0
14,71,252.5845905175071,29.994134914470596,57.852586521055734,5.179113888969804,-0.17543350818139977,0.17618256464416213,0,0
14,1,132.11371509185537,30.78193103661034,62.618755236190474,3.055284879124965,-0.3560554798848424,0.4009183022976602,0,0
14,26,238.8901095532439,36.229144724072476,66.75453427839061,7.200408138026401,-0.573416248955547,0.6217152106285814,0,0
14,30,199.20801944054128,68.5787133643967,61.94333873400367,4.123463058613056,-0.17732198600571425,0.1943649239275189,0,0
14,12,212.05375461341958,24.177892296615287,56.79007211147701,5.913113615722709,-0.19206793005122882,0.21976893902789957,-1,-1
14,77,222.4242080248094,11.152206194684792,62.21874044841958,6.3482054362438145,-0.32092230756549145,0.33540437550854973,0,0
14,78,189.89633435332578,38.47101431967149,59.40753947315284,4.51381971102879,-0.16872759868023515,0.16967454836871823,0,0
14,4,194.4852962655504,75.24387403358536,60.38351165189909,7.801953474839553,-0.9854204736850504,0.9105047098960707,0,0
14,5,182.31138855513683,61.444341224280976,62.75479062235204,9.00083764518461,-0.4061669416038339,0.4404253455702286,0,0
14,3,81.04134764543672,0.17392690817948453,55.100206096842086,2.4728925569285685,-0.0755450945729848,0.06496063237110856,0,0
14,81,110.57980855957287,1.8578438849511427,55.47848526466605,2.9268582803589327,-0.08852738294895163,0.11817276188497777,-1,-1
14,82,172.784941064484,32.45959771697061,54.22171395289629,3.14261205375386,-0.09272623408696441,0.1251055666121476,-1,-1
14,84,0,0,57.00769578587314,4.519586392981204,-0.2022789433684667,0.19147818064846753,-1,-1
14,86,188.09346742408553,44.73043117440099,68.87068756046017,6.9462654899678045,-0.7855190874950955,0.84544494477554,1,1
14,101,196.5394271562124,73.93731854728215,69.25737872166657,7.622336361171201,-0.9230980498571061,0.8461553685066624,1,1
14,102,200.76107848037046,19.550688635384947,60.243020441242834,3.8859250424620395,-0.1565355390295486,0.19294208758067144,0,0
14,103,228.76146388299648,64.66929997110753,67.75897561891186,7.3209104201678485,-0.7589442355869523,0.6662849266421323,0,0
14,104,208.76352908908254,69.35947633799978,69.80861373264652,8.978651431569965,-1.0073573571476042,1.0810877356836763,1,1
14,105,176.78758502545531,34.716976503508185,65.61147805538093,8.374922778749703,-0.5932099980493287,0.6625645573740371,1,1
14,120,0,0,53.30705491503298,1.9110863217796918,-0.041172746420767146,0.04227846566796832,-1,-1
14,106,207.47237230962727,57.80581545413091,69.47128660356223,5.6123592339602775,-0.4604997812628313,0.4882003602345749,1,1
14,113,207.89591422831268,51.75973766213974,70.39192897127019,5.303289003407104,-1.02751878237513,1.016023407753296,1,1
14,107,188.4897126748699,63.25967619250328,67.86720118176197,7.199330790263479,-0.5603157044718861,0.5123604475685474,1,1
14,118,224.45099769709591,49.99019680451377,65.61386350814102,7.426676859766369,-0.6366461275427668,0.7320785046040518,0,0
14,121,151.82688179961298,32.817261344500785,55.995073645135214,3.3286650251449887,-0.0966735227680404,0.09526301970463726,0,0
14,111,134.3472754154833,3.2016000377102074,54.704985731737274,2.547869944455905,-0.08395080545463575,0.08751087460733456,-1,-1
14,18,181.95603940306412,63.665488015159774,63.70263967784185,8.682209393150226,-0.5203525082795791,0.44203003284364395,0,0
14,10,185.08967207071743,59.65722476357346,59.57761269047275,5.774002695681465,-0.20144745017128896,0.22503150946121261,0,0
14,94,240.53163900748967,45.06240659765778,71.72185892331383,8.144436997711255,-0.9528781456720262,0.8966613176343781,1,1
14,95,210.09730280112188,41.108450883112745,66.93001071437963,7.438051286927229,-0.6776261227490089,0.6165339516233115,1,1
14,13,181.32659308441626,80.60321111906025,61.20603851032242,4.40705208705757,-0.25907912469495276,0.27110690849650004,0,0
14,17,233.07212935012106,5.461273457942961,57.69755855634648,3.471652649833135,-0.12441301512503575,0.149504125454222,-1,-1
15,22,182.54994783254764,46.73106522006083,64.86916442885155,5.759870800073757,-0.4391084262333356,0.5588452708270171,0,0
15,44,156.99065684659865,57.8219088636554,70.87780041235163,6.00155279640238,-0.6148081202880493,0.7142989548586037,1,1
15,27,200.5959559805452,50.71742758189881,76.28469630715435,7.328913589475646,-1.3355883783022866,1.1998829779688223,1,1
15,37,196.34449774527386,22.81594077282193,62.37862741344389,6.587924072185677,-0.2964475392783658,0.31720771168624423,0,0
15,36,199.95279339106526,51.84270669312789,61.48669630567506,6.067377964452195,-0.20399568456916162,0.24203442599604472,0,0
15,9,238.0359664574029,34.436024367431045,73.26657771782668,6.82485619115893,-0.8923121384278564,0.8637764598846247,1,1
15,32,0,0,54.045341975467714,2.3797248836102955,-0.04989312671011843,0.05623974222657512,-1,-1
15,62,171.6537187219281,43.672125413834706,60.352777014503296,4.800620153754042,-0.23439911815216222,0.20916745919359678,0,0
15,35,220.32904501286487,7.731920176022109,57.60582238259818,5.9707360604305,-0.21732846342547435,0.25168215921961196,0,0
15,70,205.79152768283402,40.82293999006144,63.91220012592708,7.333061598529971,-0.3268450401688502,0.4149742818349956,0,0
15,71,197.47980188314293,54.378679250223506,61.654300247163015,6.7037328572974655,-0.24712801510436472,0.2785227023314668,0,0
15,1,198.05466632995373,55.99245797358142,58.98254547811608,3.994825815289829,-0.441982834270296,0.3896849459200996,0,0
15,30,209.42350942480775,61.85223885043772,69.95861158533857,6.67189697210895,-0.7745002810570771,0.8968916122076748,1,1
15,77,192.37495033488798,72.28513049168204,71.8000802072029,9.245809435899563,-0.8764693543583009,1.0399665159553264,0,0
15,78,212.8331564953399,21.207591967026218,63.37850734436597,3.534820905161314,-0.26252917088987693,0.23182827975768783,0,0
15,81,178.5680376180943,53.04831725088183,68.73662023689924,8.3042503849117,-0.983831844232996,0.9775649774079567,1,1
15,82,194.7411922812724,67.44987235771609,65.56296691117122,5.045385804877323,-0.38423758782362694,0.3795938536620197,0,0
15,84,180.47167810701106,53.34621121792374,66.26928624683173,7.3633557304962105,-0.7521553485203977,0.6999023766364877,0,0
15,86,197.9625306691381,65.9445819835147,72.15635578540437,8.74820660157742,-1.1500928696319994,1.1380750493988698,1,1
15,103,203.7025900424022,66.84154031315659,61.90682335709642,5.074880027394112,-0.19824867328847992,0.19471889561636244,0,0
15,120,140.671594026102,46.563974125781264,59.842969051559216,3.9172963513693313,-0.13931399680004125,0.14758841458682007,0,0
15,122,198.00946501194093,36.9755648131443,64.90171118678572,5.628492692673376,-0.367188128964538,0.3557459038373522,0,0
15,123,227.48058049734036,49.319077868046335,62.68670127910161,8.291265859431627,-0.3742768641465573,0.4553570170559473,0,0
15,124,214.38894341364391,50.20594069250811,65.75440448963269,6.470808990140633,-0.4239617654297962,0.4957574456663005,0,0
15,121,239.96721275862188,54.999194146527415,63.23372925880384,9.699956097820538,-0.6906298942997284,0.6301263628478263,0,0
15,125,155.83369232483227,54.514915893505254,72.63022488667943,10.415923712656392,-1.0903986850008238,1.038830142963575,0,0
15,116,253.2194134605285,14.728364078172149,62.90643473383334,6.963925593053075,-0.35172523247403253,0.46615986019653055,0,0
15,117,171.92944580897873,69.62607947079015,63.043893590382,4.5269427818429655,-0.4254562932334944,0.45059151447391704,0,0
15,18,179.08181830779793,1.9493505629336674,59.949145164811206,3.823539095743898,-0.11910906037385179,0.12219821053982137,0,0
15,10,223.74644864373928,48.21703323035081,56.28134098565006,2.7722424619863024,-0.09646218273085433,0.08177364930535981,0,0
15,94,226.8740326359275,54.20806503558143,74.13179202663773,6.740167425583349,-1.1964710755410852,1.164225845760824,1,1
15,95,209.30965153758854,61.749097353585356,67.02387029909417,7.1292083158536395,-0.8564002839254893,1.0638478344179736,0,0
15,17,216.063392032682,39.64125956931883,60.823122577759634,5.418156031083386,-0.19803769883206773,0.2185883173697393,0,0
16,29,223.0607716998596,51.05780888821409,65.52634995088954,4.589304392328845,-0.37311904646829924,0.3494053422899893,0,0
16,22,219.59155869705697,14.4671573920074,56.93087728552053,3.3747246705514566,-0.08551123479155946,0.0777814960174914,0,0
16,44,203.43258556723345,51.7600314568603,64.21852652622928,3.938504311774122,-0.20952986608011126,0.2586607083444067,0,0
16,27,221.01134581139007,52.49390658784757,75.90521345042492,5.899470033937013,-1.172732556964507,1.1065160785950365,0,0
16,25,180.1549251381193,39.35543028150452,67.06598581610332,5.711898193982005,-0.4443478664955824,0.35327560764728366,1,1
16,9,172.6373091960199,46.40592037676186,63.286165619424544,4.577304691541027,-0.29471127411997694,0.3144109461847977,0,0
16,16,185.6645690080609,37.4656358208971,59.959550902496474,4.853386691898298,-0.17571253087228286,0.19635056530857198,0,0
16,2,0,0,66.40253672557775,7.179141960332593,-0.8662602020632556,0.7827498445929051,1,1
16,62,225.2742583689214,26.803618715886785,61.330175828434264,5.109502694219702,-0.20141129920178708,0.20114199019817694,0,0
16,70,178.25740102293787,38.69286237747849,60.687358960973626,5.578151317501485,-0.21481378645565338,0.2787494969164617,0,0
16,1,211.19336824674966,30.043677436796226,62.650243701294265,4.118030434706267,-0.28573729781316765,0.3680673519918368,0,0
16,26,186.9921939828267,38.738431925122946,69.23850962436057,8.47201089677748,-0.7817863898086516,0.8056314088276315,1,1
16,30,208.60889511313366,18.026170920816476,58.75485994205758,3.6114893273766,-0.12833228896069315,0.11948119620051258,0,0
16,77,224.5075379342133,60.49032915250043,59.81913250053377,3.4345699114807235,-0.11001389872483516,0.16953747583685988,-1,-1
16,78,164.33684784746876,57.929573743303955,58.8350381921998,4.053942245292128,-0.12743560386021802,0.12819204161311937,0,0
16,3,180.03315866536627,80.35578828221573,56.31608648141921,2.547455901377449,-0.06628090057958273,0.07394948136067461,-1,-1
16,81,203.9949771729117,61.363414750523155,59.971114151581745,4.195101758925313,-0.16341147099626854,0.14615490369090106,0,0
16,82,198.59653367979962,32.51594457912904,66.19552014916427,4.490363275820944,-0.32587463012115664,0.32963685325671704,0,0
16,84,194.61602241075744,63.034861179874504,58.505879346863146,5.780585230533855,-0.2507593916570986,0.27503509254495867,0,0
16,86,201.95360436529597,53.517492922625244,60.727899926485414,4.7995509126288365,-0.2659217294683758,0.31020077894960213,0,0
16,102,193.3121044613283,55.36432393332776,64.08554891342102,4.281147489646623,-0.2497032495795442,0.26982150277126427,0,0
16,104,191.83861054951856,33.94821557303989,64.2744929464555,3.7466608637678185,-0.2568236463910561,0.2722799421855754,0,0
16,120,79.85298287500656,1.355160892699588,54.63085565843904,2.0235633066363232,-0.047241928224146044,0.04839217529521918,-1,-1
16,118,178.793557028173,71.04671989467741,59.41454750257272,3.8371020292822346,-0.23380431180538946,0.22317864988569858,0,0
16,109,205.26647908347942,47.53414968086729,65.31638372009694,4.359150142117773,-0.2320188932543479,0.2570231873759534,0,0
16,126,204.24442008251052,62.26097207820988,61.191995678440044,4.050396200670973,-0.16540940301600868,0.1669141618247037,0,0
16,125,209.34859225147338,46.249588430029824,65.98873618720232,5.785954731807173,-0.33827745154711436,0.3216671205601238,1,1
16,116,229.84246594385104,29.154283104102838,58.36333838099454,3.8943836662729825,-0.11756342618056677,0.11080146944669389,0,0
16,117,77.23500011926649,0.18155339337956752,57.0585088368291,2.344410791527874,-0.17456565674668567,0.16355961612468695,-1,-1
16,18,234.52554248237672,42.50697258905899,57.17349403513576,2.9311510623840564,-0.10328004792095659,0.09773870622752373,-1,-1
16,10,131.038753234284,64.70655640444477,53.95635276935271,1.573464185680272,-0.06350957055119891,0.045431797690584065,-1,-1
16,94,173.94542231771172,46.61793230239414,68.60876169752265,5.090431301528671,-0.4119448661878927,0.37921991714410885,1,1
16,95,219.53463334747806,41.418631533476464,60.274058905347395,3.6124755046428167,-0.13806764651905779,0.13075632498257822,0,0
16,17,229.65761983375583,20.98239020369711,55.49462351642559,1.874895053066501,-0.04227612954147031,0.04735697323227515,-1,-1
17,29,252.6751891264832,31.833187418235042,48.96439549151787,3.0964572611428287,-0.09799521737040158,0.08203770520029964,-1,-1
17,44,203.67244443105207,20.973457028933826,50.15737511207771,5.0475101938848,-0.05215919870449737,0.051473463156670576,0,0
17,11,0,0,44.39583909203689,2.126829034587685,-0.01401431423470325,0.018329480778997317,-1,-1
17,27,209.0588929723944,39.99848272416451,52.77442721167723,4.176056480371725,-0.06666711303130905,0.07075195935757148,0,0
17,34,186.14290680547913,0.8918874718283428,45.3072488764883,1.9000550782966972,-0.015146872555080269,0.022178790588672496,-1,-1
17,33,0,0,44.66371114778269,1.7651154435120373,-0.013319414654950141,0.013556982450480114,-1,-1
17,9,210.57723712174638,62.009364199986344,51.54630363919985,4.052336284218191,-0.05176638333907708,0.06096708715815254,0,0
17,16,179.61056280633233,59.61195770861508,46.88403404529296,2.669297753537559,-0.041771464191862895,0.042675247031237075,-1,-1
17,2,0,0,57.490718459890104,8.685746702004641,-0.5503549003377384,0.548256813113552,1,1
17,8,155.89060096595693,52.455874986905734,47.273229749243505,2.532408489001273,-0.020990251124432525,0.022855604473090364,-1,-1
17,32,0,0,44.84077319726151,1.8324559656586794,-0.01533310931765542,0.015821828630193505,-1,-1
17,7,196.47464883231865,40.58487811378109,47.333712014247986,3.597735085122778,-0.11976096990206303,0.08405930862602569,-1,-1
17,20,167.17819615828947,62.50524118275884,46.687585788070464,3.087423263517013,-0.09721412368864035,0.05374554799291748,-1,-1
17,62,228.82849535005613,20.868438064834912,46.23670859383105,2.074995100340587,-0.020640551086993014,0.021600291504926344,-1,-1
17,14,160.98966393695824,59.819828247466546,45.25362782280939,1.956678804748652,-0.016801356391894135,0.01700460925669255,-1,-1
17,28,217.32324596996764,51.144878134792016,46.95625036656785,2.0489072195535964,-0.033160380406180086,0.03016869346892519,-1,-1
17,1,191.593314744589,49.545575184962246,47.22042185836501,4.971342563524962,-0.2956459769355214,0.2574385789200794,-1,-1
17,12,242.09907124345452,2.3570469062295616,44.18634315003247,2.153455885409009,-0.013030784884648141,0.01254500719229895,-1,-1
17,78,166.89614430708042,55.60866632386825,46.40975092201936,2.0418605288995044,-0.026224683938655777,0.027651512968542964,-1,-1
17,4,113.00710807815581,11.701396279312167,49.22290168706701,1.9789758898144083,-0.031150200780980693,0.027666189200195264,-1,-1
17,5,0,0,45.47030951439064,2.466760789674774,-0.015999323013125,0.01491154356008878,-1,-1
17,81,230.9193500482243,5.212366836104161,46.44797429981377,2.1211386070461367,-0.031804044828089795,0.024558309473943503,-1,-1
17,82,121.22499904980941,1.4325497204187363,46.20135772754517,4.072400140620991,-0.2751467174622472,0.1959163691586375,-1,-1
17,104,195.79144418291767,40.524394365594254,49.360179483622126,4.418485516252307,-0.08278651259833557,0.08153935732594025,-1,-1
17,112,201.57316870342947,47.18569361539721,50.83953094150526,3.731587441031928,-0.051085153902097814,0.06007345085521181,0,0
17,134,138.12119171925985,45.378452314852716,48.97084788400816,2.4332010930144614,-0.03834108721456738,0.02663497135215574,-1,-1
17,106,165.37817281317066,50.83085881962792,47.78090570862795,3.5121598516855688,-0.05526290195116081,0.040339588287520774,-1,-1
17,107,195.80830410393483,41.94045038762666,51.04912998197312,3.025227202082206,-0.05594363221843611,0.060690324634454285,-1,-1
17,118,203.04490145243656,69.98537268609516,51.2363078406885,5.752597248558754,-0.23657590381752533,0.18216968444699527,0,0
17,136,121.58416292718316,0.4926555021533588,45.42859466105259,1.9140863656915494,-0.017093351126282467,0.015500267908547657,-1,-1
17,116,239.41956077031296,2.5522868291709946,46.63036131014809,2.8552929798007356,-0.06772874442838868,0.06859158541606024,-1,-1
17,117,0,0,47.97573558878498,4.033537771940543,-0.11165582719240516,0.16056791713410612,-1,-1
17,18,247.70114583805844,6.6995230621930615,47.805512077457365,2.821561220394595,-0.03676498437377473,0.03333204160448171,-1,-1
17,10,137.1803617493303,73.29198485871652,46.395891561496114,1.8793199833315415,-0.022163512073121665,0.022768901233765432,-1,-1
17,13,246.11654893672525,12.413713664116441,47.85134307129381,3.046690515769441,-0.050996811291315725,0.049163209216444605,-1,-1
17,17,182.05961851883004,51.030356342373025,46.46491733438973,2.435196860373798,-0.023772622851748568,0.024759489978937028,-1,-1
18,29,196.5907181064908,52.170047390003134,67.63061361331505,10.086597544630202,-1.0307834306241481,1.0801343721961936,1,1
18,22,201.98413510392606,52.59136655292855,57.26404173462208,8.458902467572692,-0.29907954470898823,0.3841207173554182,0,0
18,44,179.0812874926205,54.561316858196655,68.69799329435762,9.16280219536445,-1.2548129349030224,1.189882633655525,1,1
18,27,224.72708093906695,36.31545646675512,82.30279327404766,4.59672130178547,-1.2958018479009052,1.6096299106534169,1,1
18,25,196.71118827305284,64.36974974221961,69.22565257330666,9.894621441353717,-0.9215551030576579,0.957718482498251,1,1
18,9,207.06623597152435,34.20441177391512,64.8352805625253,10.090211921168681,-0.46921354515840075,0.49505760766915113,1,1
18,16,190.4059778050689,60.997939292093925,60.21423569851119,5.328206412382121,-0.1428792551786758,0.19647409716099928,0,0
18,2,0,0,68.7982394048674,11.037209597674693,-1.191777702853106,1.206662818511066,1,1
18,62,222.22302930909623,47.58744704310294,67.67334166619823,11.044113999964797,-1.1524895185335546,1.1259333297336833,1,1
18,70,199.25861103461634,48.3737600209328,65.23111284096028,9.79511940664506,-0.5318806828297578,0.5926500155270004,1,1
18,1,244.4899937898313,41.89435392237779,56.963563498098075,8.299949417479747,-0.6009017396578005,0.7217108853490298,0,0
18,26,201.57437824969173,47.128523928643524,69.1360263311172,11.522514996662949,-1.0939349168497694,1.1236405235806417,1,1
18,30,221.71285791238518,37.51525025398635,60.58431588205665,4.652152985500342,-0.2701912925979321,0.26717103594237146,0,0
18,77,184.01211539707884,66.17405570146842,72.71919566183462,6.599355083806841,-1.105469287918496,1.0809654651288108,1,1
18,78,200.20871261824777,52.32031710526684,66.35550755009943,7.0725144631311885,-0.9906635638118301,0.9362140324912581,1,1
18,3,209.67858231818005,39.03070615103074,55.81236712869341,5.002848421495932,-0.1121942408039688,0.11941519791263387,0,0
18,81,194.71245644078118,46.29465684683007,56.68789473371324,8.33897209780363,-0.2993027392137577,0.2814965978117159,0,0
18,82,220.0674835700887,49.35919553084385,55.74404348087119,8.216322215807013,-0.32745389298477245,0.3069260343492005,0,0
18,84,200.6336734917531,69.46596019235285,57.692759718094436,10.561480899696685,-0.28324447951442666,0.37754340591377367,0,0
18,86,201.1644730170192,43.191350249859894,63.644858068210084,9.663962687353834,-0.676248913583945,0.6045808487178441,0,0
18,102,224.36526532901226,58.54220175013249,64.06876028859796,11.337965714931778,-1.0852122422602553,1.0660786446816315,1,1
18,103,237.54964632918808,32.86508718740362,53.26855357067603,3.7680375170211207,-0.07074608246459337,0.0643826880678154,-1,-1
18,104,228.21484619912252,42.73212292237211,63.407128532958495,9.843162490335484,-0.5168114387059353,0.5876921841033924,1,1
18,120,0,0,45.497283741914366,2.5391353766772693,-0.024491105364852335,0.025425545262282537,-1,-1
18,129,161.43153885194263,51.67569132373831,54.0582364885837,6.005942910946954,-0.11895972674058575,0.10313071997197087,0,0
18,122,215.1363457498334,35.52004587425091,67.66765123974854,6.899115917045663,-0.5545102273001898,0.5110411191812557,1,1
18,118,166.53347795723147,79.72913447770961,63.39926918512005,7.469975427075485,-0.3493989865901782,0.4805688245012631,0,0
18,121,217.70645247771122,50.570778325175176,62.61366990084605,8.538809611807364,-0.3631797351826465,0.3771696316043384,0,0
18,116,237.12586565415617,26.291185011694754,53.591126499960964,8.551020427954802,-0.16921019118855096,0.1910945488618162,0,0
18,18,203.58322321806563,54.548642362100566,61.06528823862496,8.181208404765965,-0.5139775452760329,0.48439152562324356,0,0
18,10,243.13158633852288,9.63592382674209,46.64202219080437,3.4741123170862993,-0.09598685599271667,0.11704272186329225,-1,-1
18,94,203.46375187862054,55.05154809074091,82.18887786084355,9.251835713987068,-1.2602279272351466,1.4068733819927763,1,1
18,95,208.5413851871073,49.74297460190218,68.04140115779568,10.091105793671378,-0.9784850274837574,0.9440479215365314,1,1
18,17,113.27751768663772,6.7992458178593775,46.33444969800263,1.982976195436605,-0.028743407747560026,0.03310065703640424,-1,-1
19,29,157.67331237333116,41.93549053379863,57.63150021735901,5.261047496158698,-0.12382546537601717,0.1532192250357481,0,0
19,22,220.7213103810862,26.099978169086494,59.46684645529601,12.694509841780626,-0.5290176340794693,0.6593663278578673,0,0
19,44,117.18810244203532,44.48265336631723,59.339862371716066,5.7692722940868055,-0.15685094302052896,0.1863197584265844,0,0
19,27,163.07538188637483,55.51961806566957,77.14125765250522,4.92571435447117,-1.1300153670885902,1.3509798230340548,1,1
19,25,208.42095165272892,61.82025303888808,65.48429258482103,11.241701888838177,-1.0218386811484947,1.0373601985075385,1,1
19,9,234.42626236352103,44.06066060707797,67.88922726672274,12.52942889712964,-1.0291379066197142,1.0070866957781315,1,1
19,2,0,0,66.00329512907999,9.907648078934535,-0.7471929642416458,0.8901259811201122,1,1
19,70,234.2299320728013,48.83727451316448,63.90007136093107,11.97548105910542,-1.1846674657768987,1.2908345715204546,1,1
19,1,199.73839093703313,72.67789992524085,55.21707360406906,6.771351546110438,-0.30721325661870635,0.3421125841275415,0,0
19,26,185.60683622724426,39.26307601512971,66.9238873719575,12.109784323684506,-0.9032218813791807,0.9512750805936577,1,1
19,3,188.28549107773003,20.719515347327736,56.0092949826243,5.433701323809849,-0.17928328246893926,0.17254466106920266,0,0
19,81,169.6539465231593,74.49147074569663,60.20176460664657,8.927664226280196,-0.5422608853062625,0.554114976332637,0,0
19,102,169.69424941029274,61.45627474281079,65.95651194158125,9.600951831282128,-0.8096158432746325,0.8615890965610614,0,0
19,103,215.00667758029545,42.75268113825566,54.88836733340625,4.666633708296202,-0.0865601644061206,0.10257905197843407,0,0
19,104,168.5492737473564,54.10788134607497,62.90609907450096,12.2178990124795,-0.8485061158428071,0.914336869126128,1,1
19,129,195.9724868573056,17.328849608473515,54.31105447228623,7.890051322189622,-0.4507127586845111,0.472720144392142,0,0
19,122,207.7377221566175,37.251597026272954,61.647511242406836,8.8006923680308,-0.4079191875239978,0.4353419356001953,0,0
19,116,210.39074218524877,40.88947627769659,58.099068274541004,6.089323039223612,-0.18074625195756142,0.1873109877994383,0,0
19,18,218.78319700899286,54.24330089939558,64.46327583511923,12.312024567161044,-0.7340255716449992,0.8455773106103638,1,1
19,10,163.29819378063453,46.63780547048541,49.964104332714264,4.584046466061682,-0.07595337488921769,0.11016124617994297,-1,-1
19,17,198.28631786221123,20.195043516145073,50.15285532092419,2.978773754075139,-0.054573188122255464,0.03320852628562142,-1,-1
20,29,216.52752683295796,53.347953058761085,67.17553333871949,5.59924413103122,-0.5474762766121349,0.6193303052396454,1,1
20,22,208.21938237296465,42.89952941652438,54.691945242172764,7.110977022731351,-0.1335237108845296,0.15354857919688442,0,0
20,44,197.2757522422126,38.744844924768316,66.04587250420923,7.018156406656934,-0.5775210139029535,0.4673325718142267,1,1
20,27,163.96542520484002,51.437738592208305,76.33103926437757,5.731544912109476,-1.0554359161292488,1.1175490724301207,1,1
20,25,173.5434711602275,58.89570263874171,62.44410271442457,9.36577023500843,-0.8480284408929396,0.9303821136488497,1,1
20,9,187.1748329621131,53.621234743770685,67.80912465002275,6.8361443382363865,-0.9040730281636883,0.8232076846668829,1,1
20,2,240.07533645429274,41.62858036138655,66.70822298410442,8.686842405555328,-0.814232274100094,1.0171042839571396,1,1
20,70,179.15522043064382,56.15049146041243,61.95332052101333,10.131456618825283,-0.6734440662520552,0.6840356441520327,0,0
20,1,218.17761405035748,46.89391143849656,61.264040931494,8.353125825283312,-0.37271061193364297,0.3487428204961539,0,0
20,26,177.78780018718052,56.051264211812686,64.77399270960056,8.966010893543087,-0.6456613248457654,0.5707175817868736,1,1
20,3,193.90843294905844,39.549539433266496,48.08959843384714,3.4607955386938727,-0.03107697155416165,0.030356219080586683,-1,-1
20,81,194.7096267005421,56.195071948587675,62.38120681655977,7.380467576418613,-0.3098668589727655,0.2978829235816932,0,0
20,102,180.0051466285617,59.2480389187801,61.78759467916022,8.357115546420289,-0.3668764639352371,0.33895684608552185,0,0
20,103,226.1595391273927,10.697016925894351,52.10727271411167,5.780491780480985,-0.1688240824127198,0.1536588646313514,-1,-1
20,104,184.8583695296984,47.84741302777107,63.97016872912052,8.861469197149503,-0.565603738511764,0.5427192843018861,0,0
20,129,227.95556681506054,42.17054761919117,51.34209215821016,6.527084952794769,-0.1321628694018156,0.12326041136149901,0,0
20,122,170.7431947670147,46.89548030868163,57.130985741994735,9.141860367589997,-0.3548100771871919,0.35429400460789184,0,0
20,116,159.52478619506644,62.427077788084915,52.65690717988272,7.503552388673378,-0.12794327971153632,0.12076215021300903,0,0
20,18,187.46639077684316,43.11748663757067,62.37366371416517,6.812399602261614,-0.26579269293414354,0.6021513361986083,0,0
20,10,249.43756593106352,68.86730680996799,47.364185137845524,3.1524958841022626,-0.04206190759815353,0.046600616292020676,-1,-1
20,17,170.29203758096818,28.92093933023743,51.637939844234545,3.750559266439662,-0.05699366666213041,0.046614876635608954,-1,-1
21,29,0,0,46.23000340991196,2.2009981525542086,-0.035489902912872,0.028260387888301836,-1,-1
21,15,86.9449122790294,1.6124499015190445,46.153195296434184,3.1080412913363826,-0.036562401503574773,0.055923548476202116,-1,-1
21,22,0,0,44.81859698774,1.959000061139265,-0.02012073495243211,0.01762624924425453,-1,-1
21,44,140.00741222773874,6.7462351076772,45.90790246812144,2.912815775527512,-0.06630680273218964,0.038946377115676986,-1,-1
21,11,0,0,43.88599802060523,1.8061854553092438,-0.01444935866074047,0.012490245071763937,-1,-1
21,31,0,0,45.041199576287234,2.573824812030574,-0.03040559774174493,0.03226904356599587,-1,-1
21,27,176.04653588125535,5.510972824944398,45.64587534406576,3.243904041167148,-0.04535915113936449,0.04883817601282922,-1,-1
21,34,0,0,44.28410496095431,1.8458329969777811,-0.012973690951548338,0.014187582559546908,-1,-1
21,33,0,0,44.27908954592962,2.0282235713927834,-0.012783584985722636,0.01301197725246578,-1,-1
21,37,0,0,45.150010083010166,2.07667371354682,-0.026909530760944267,0.024476980933489254,-1,-1
21,36,0,0,44.42394985027292,1.8836458450310722,-0.016733648890071857,0.017179657672494342,-1,-1
21,25,0,0,45.081543028859684,2.0543989556200857,-0.031145947905599346,0.02321255021862698,-1,-1
21,9,0,0,46.02367587445833,3.082831019759777,-0.08440357664786859,0.06373632430527071,-1,-1
21,16,0,0,45.792460140982044,1.902401985476914,-0.02059593826137766,0.02024653568593724,-1,-1
21,2,0,0,44.63085361422034,1.7170049832057623,-0.016513737582194005,0.019286683892131826,-1,-1
21,8,179.8392658985215,2.1118866706181794,44.58027165027443,2.085250508392266,-0.01637834331265635,0.015711535793865288,-1,-1
21,32,0,0,44.38566433276478,1.9386676083374037,-0.013422411991468397,0.012901830445343604,-1,-1
21,7,0,0,44.31212270056095,2.1525686414105127,-0.017288267794067138,0.015692818019370627,-1,-1
21,20,0,0,45.19405625378782,2.4735429003513514,-0.05833023434116954,0.07079626918512796,-1,-1
21,62,184.6557776310285,0,44.6119340874563,1.700442421613404,-0.01814388428909937,0.013276037378913757,-1,-1
21,14,186.93704723099276,6.862904996812151,43.74558956663568,2.1419260505078648,-0.0115252456718368,0.011815590963558279,-1,-1
21,35,0,0,44.73497739182047,1.880446163089,-0.017943444810107092,0.01627471894825271,-1,-1
21,28,0,0,45.90117032833276,2.393288967872289,-0.028398413827694594,0.01813852917001727,-1,-1
21,70,0,0,45.31849257222529,1.6223137838899646,-0.020093861136015606,0.01672976036701417,-1,-1
21,71,148.78462775067396,2.1686646100528826,46.08708589478724,3.8870414771729553,-0.18414318747156655,0.18994474372096917,-1,-1
21,1,150.005371093492,0.22411786838362627,45.7258296759853,3.644762203081366,-0.211617097334707,0.15524376297720377,-1,-1
21,26,0,0,44.98258978788496,2.0069074864619787,-0.01946982594626746,0.017518109972002177,-1,-1
21,30,0,0,45.23148916056495,2.1450105121319902,-0.03260559416027457,0.020938433551759776,-1,-1
21,12,90.94518299991599,0.5809337974634112,43.82075187168981,1.701594704409559,-0.013207229890562328,0.01133926009867387,-1,-1
21,77,0,0,44.50676269975075,2.1126790679301974,-0.017329358680789563,0.021781920947067424,-1,-1
21,78,0,0,44.94099397184076,2.3950077670050307,-0.022473726653727655,0.023929020615946987,-1,-1
21,4,0,0,44.58300114653302,1.5569215294603957,-0.013721449286612716,0.014137066193980563,-1,-1
21,5,181.61334947620426,3.0120709879258842,43.6667044677477,2.1988101962566873,-0.012476399163673099,0.011974230183545213,-1,-1
21,3,0,0,44.28286372396978,1.7886228068407148,-0.02007916955266408,0.013921089923447198,-1,-1
21,81,0,0,44.2864379224039,1.605764878426675,-0.014733617075136672,0.013106208090018124,-1,-1
21,82,153.21468749437363,4.4596362225705,45.40293806763039,3.095981550392803,-0.06818136462100366,0.056289041399220203,-1,-1
21,84,147.05768442206627,1.7309427100605412,45.4878193367319,2.540261074542065,-0.03495778616251213,0.035696537791676454,-1,-1
21,86,0,0,45.599854521806186,2.1847812151257147,-0.022042638791335473,0.021547538603677856,-1,-1
21,130,187.18444401050516,12.26839352808563,48.336478065638715,3.243603725051216,-0.028402879261466493,0.035200012126249285,-1,-1
21,131,0,0,44.634766823386705,2.5016526675712614,-0.057134947650712246,0.03906241206631117,-1,-1
21,132,184.99398363071748,0.19127295540056438,44.78874581025098,1.7664023913624634,-0.019643246597741495,0.017307872260322196,-1,-1
21,112,249.09621844865214,3.4613181679218177,45.40334477177296,2.6258431922785923,-0.0634099730984674,0.06597157427151583,-1,-1
21,133,129.7539749505897,48.918154626540826,44.42423618872849,2.2085862920490102,-0.02036024872976014,0.016102698118167183,-1,-1
21,134,0,0,44.493208638815084,1.8769546807332511,-0.02424370679834529,0.017651418420475115,-1,-1
21,106,0,0,45.579506386203406,2.5455320771930308,-0.024186907473826583,0.03346884031048735,-1,-1
21,113,218.30565607216917,6.9800998411764414,49.02703150291521,3.1046738714736146,-0.034904986414884674,0.034132716171990485,-1,-1
21,107,202.21669046423918,24.418208489996747,49.28354866922376,2.889555997811205,-0.03847090322189959,0.030202631938667335,-1,-1
21,135,0,0,44.99905031043881,2.0209941594906082,-0.023350856201724363,0.02100911457400751,-1,-1
21,118,0,0,45.80107276152765,2.966452658537711,-0.19750783214020018,0.1272964890825887,-1,-1
21,109,0,0,44.558366654893895,1.7858276813658245,-0.011682657164725089,0.012620779153123984,-1,-1
21,126,0,0,44.599522467984535,1.8898110022960315,-0.020300631369085557,0.023203170431461206,-1,-1
21,136,0,0,43.942696263539986,1.6193300444117094,-0.012252319439917662,0.013405393787239966,-1,-1
21,116,0,0,44.67849751822538,2.467921458661627,-0.044373118682852715,0.03480584793542168,-1,-1
21,117,0,0,46.458898318720195,2.246919219497339,-0.04203309713652677,0.034045437410875776,-1,-1
21,18,0,0,45.33120282190354,1.8732780459500213,-0.019681432847960038,0.01837744342075817,-1,-1
21,10,129.2490462019483,50.43859882581321,44.5882078661141,1.866491906094861,-0.016523177265061185,0.023970971179071335,-1,-1
21,94,0,0,43.68022872908445,2.1792335593341794,-0.012930414987470981,0.013177351985991504,-1,-1
21,95,87.0527435678467,0.8766156812704212,45.343440420762576,1.9098667589780063,-0.019262799057863433,0.01949214678181281,-1,-1
21,13,91.54158996621499,0.050688377615632794,44.709609182347776,1.8355776689446939,-0.015837617471781543,0.014538014522926265,-1,-1
21,17,127.04949102921996,50.262847697662096,44.09452097842916,1.5234107185572836,-0.013314868176702122,0.015037550051251576,-1,-1
22,43,245.00674257578422,53.77179631897504,61.08557340155281,9.81522337077097,-0.40573635137432096,0.6603797658766143,0,0
22,15,149.7242673005072,50.47194136664671,51.170899164664284,6.861685845491372,-0.12861925513240569,0.12970920657300897,0,0
22,22,181.4532867337928,34.70771040127646,53.27252696303132,7.391715291714989,-0.1489610504886249,0.18069312722274636,0,0
22,44,199.60561240330287,37.79426193151251,61.09074285299529,6.085331038362118,-0.2072936744719665,0.18471023940314557,0,0
22,11,173.79064135054207,73.47383211137263,55.30001140037145,4.738043505587297,-0.06460106514838096,0.06923549515019592,0,0
22,31,230.41336383787558,40.02440960102148,67.15382661621437,9.26169307466146,-0.6283090889378838,0.7590318565466347,1,1
22,27,226.56410997237532,35.60689584422096,74.02131057539026,4.442386130861124,-1.052674690706906,1.1160895032142533,1,1
22,34,0,0,44.826461156390096,2.3308473979727404,-0.019289009158420356,0.023964939470058788,-1,-1
22,33,139.37696944008297,1.6945258949411817,44.67514146519412,2.4307782007848044,-0.01606237187825613,0.019417848195532043,-1,-1
22,37,149.8717422716806,47.25873653150134,57.44030057769511,7.108779380452981,-0.14018299744359608,0.1595275162689282,0,0
22,36,164.31126467469812,56.20748987365295,56.2836216653494,5.0613980535206045,-0.07742552851016618,0.07853550673870878,0,0
22,25,200.13853186538103,77.2765177490665,60.19574900689503,7.410966743776106,-0.2013239955849703,0.24993085064434992,0,0
22,9,134.91696237332945,42.900755015176046,62.76214296356069,10.00886975041938,-0.3380488578830027,0.38831832428618723,0,0
22,16,133.89946680521442,47.70937350897531,50.67193234408447,5.1806026869980775,-0.07514648875039123,0.07488852161668853,-1,-1
22,2,152.93283483262994,0.5641524776221232,65.92336681861327,8.824320441578203,-0.7297837993807933,0.9202681997835283,1,1
22,8,229.2009987163497,51.34877542454196,58.295059943291825,7.33026546778112,-0.27290226432876824,0.4371195919300187,0,0
22,32,0,0,45.17519558949029,2.0482619520132914,-0.03342143494773238,0.02242589959769562,-1,-1
22,7,197.33508194897226,63.26440775261092,53.699414804075765,6.666635412840095,-0.09108576469075208,0.09973804494761238,0,0
22,20,209.11729707006572,29.49314787374164,61.941139596222946,8.752952124133396,-0.5281981848989521,0.508944652590913,0,0
22,62,203.23587450705364,64.1953247390873,63.993162419041184,11.952778456800775,-0.6212809682521231,0.6018391560843848,1,1
22,14,122.39133056297473,38.72829502309525,46.82739578540747,3.3519763950720107,-0.036448527430532604,0.0330051315052526,-1,-1
22,35,167.07481350090305,35.108461296285334,47.363509623641754,3.848213090020326,-0.04037356236177213,0.03623676672631766,-1,-1
22,70,176.32840608158938,63.023438725763064,59.101418262681065,11.36935055163324,-0.3274597650921652,0.3848379026259349,1,1
22,71,221.59173277738597,68.44319569133627,59.62087221039441,9.140586487339105,-0.2690577286265969,0.34624479790172985,0,0
22,1,182.8354369527942,43.553165041542336,50.808316692927725,7.692142485883325,-0.08968871787147087,0.1396576226360169,0,0
22,26,193.61582881364347,57.10853459056806,60.24961068117386,10.03237839865527,-0.4347634601533304,0.6523376688207307,1,1
22,30,138.48772301652568,62.9946056373453,50.68722305321634,6.555477952998221,-0.09072111431304443,0.09881721709057369,-1,-1
22,12,182.79062774716434,56.31621068980976,58.96300565288709,4.675671096861912,-0.10592407803870679,0.11435516013747624,0,0
22,77,217.81595371694144,56.19655365315952,66.06101314646992,7.132918980157695,-0.6194277917102846,0.5644499177571961,1,1
22,78,181.15437909667463,29.02458524895615,56.65619841497506,4.226023630415972,-0.07216216937099339,0.08856746775758764,0,0
22,3,163.93145630235705,67.92739874555214,51.085602512931075,4.969734661215655,-0.061706468509608516,0.06706255941243495,0,0
22,81,168.36673827555035,46.73610115697591,54.504810529976126,8.77377654187173,-0.17313503874509914,0.19491156223262035,0,0
22,82,195.98616696295946,6.307992997987684,47.15083258179985,4.529626064694439,-0.14822340352217206,0.08236408819606923,-1,-1
22,84,151.21792204797305,9.235028740970069,47.48835556246136,3.260509185131845,-0.05086570778108663,0.04073496581958936,-1,-1
22,86,210.74531254837413,44.01149037584127,60.88971457966336,10.129954190442106,-0.4726518621960051,0.570173328758585,0,0
22,101,224.55589590649572,48.32609328832131,69.06279994022256,10.443379047373233,-1.0540845632108895,1.1572694572908777,1,1
22,102,183.23670130858255,48.44525046539295,54.838506880848826,6.6981644658029404,-0.13446324458269435,0.12122518862419264,0,0
22,103,163.53590537065702,26.565263004556115,56.930085944989386,5.698012040558655,-0.1322332207357397,0.10765554206095458,0,0
22,104,175.84127800375063,37.97137039633812,65.20669540229333,12.680695700120268,-0.8816989324682172,0.8510777595014136,1,1
22,112,174.69716402100929,57.646825083093795,61.149886549116886,10.380763464686368,-0.48954044156410714,0.4317126821784794,0,0
22,120,205.67835262687709,36.452704569344675,48.53290192801587,5.064169479991467,-0.0640072024898388,0.053027818735072015,0,0
22,106,170.5223220031799,44.90878413400766,61.59100596947813,9.683613824040634,-0.4226389100248199,0.40258507105606656,0,0
22,113,211.02767482131443,68.3162560869174,61.70857665463215,8.156999280775066,-0.33260370929887306,0.34025365461736784,0,0
22,122,176.32700814175595,38.920179581726835,61.19019723773433,5.26952297193837,-0.15533846613388574,0.17227250231914149,0,0
22,123,176.7691440202157,57.065848143291504,62.311509898688804,6.495912445567569,-0.2567194599555001,0.2711599547471571,0,0
22,118,179.13528517124172,36.59154840957717,56.24250945341191,8.077092208989836,-0.14725922345807527,0.16297219499907664,0,0
22,109,169.87831154670207,26.049637284149004,51.31371018725271,5.835966866067938,-0.10817891050989,0.09275311667712122,0,0
22,121,176.16253607074893,49.39351236165637,54.293326348656166,4.707961273351636,-0.07647052200326881,0.0839457007346803,-1,-1
22,136,149.60250600227405,50.46734534777658,56.25435894624862,7.816880277269415,-0.2832733567920664,0.34016148807691365,0,0
22,116,181.2681602426101,60.38948217820265,54.56994541755314,9.566766845348889,-0.2235170546556335,0.27046883995575266,0,0
22,18,168.1766359611554,31.941558005034313,55.98150759383498,8.684397963720992,-0.1709995829833562,0.1959820698624078,0,0
22,10,180.06178988572543,20.36621389917191,48.11995356411995,5.089185818240713,-0.05896108941708448,0.057198077595745286,0,0
22,94,187.53496971187298,52.998601346271755,60.62941940069145,11.150997199322841,-0.46075235119363267,0.5305648720006177,0,0
22,95,184.04413176426505,46.73700459405949,55.75601167991072,7.036607795318713,-0.12534754168973433,0.15239479063215527,0,0
22,13,159.48241259010277,47.44397823349395,57.860996300606296,6.723119206266711,-0.14829219293355544,0.13339179005408736,0,0
22,17,183.25950088839406,21.91493678911459,49.413121962012276,5.5324116449047045,-0.04884566628904194,0.04282594166244526,-1,-1
23,29,198.74020478246746,37.08283277241954,54.68394411551561,5.4169411249623725,-0.20101488407874665,0.20250585981284075,0,0
23,15,196.69037160256534,21.491217462592562,59.12461778295462,8.899934417164918,-0.298617957072799,0.3440821385929455,-1,-1
23,11,119.35619447730299,8.602074510170876,49.21618801631088,3.208455867278026,-0.05019648590456792,0.04043563545581548,-1,-1
23,31,176.50520741104012,51.72118237752198,47.87625934820572,3.4045129881526703,-0.0408319650411299,0.042431417486639623,0,0
23,27,210.10055068776504,35.63191063328057,59.542381534866685,8.65709606924003,-0.25258190279608667,0.25936136952461497,1,1
23,34,116.22517113236935,3.4051230354690842,46.625179286088525,2.119047229050088,-0.025488506009207917,0.019706369198033476,0,0
23,33,178.0266991868356,44.000741641005604,51.96365193630889,5.782421288091888,-0.12609390481360147,0.13677564783157806,-1,-1
23,25,216.7084238898336,23.12513123815165,54.877102426786294,9.341370375286385,-0.2281259140582105,0.24883882114191277,1,1
23,9,191.2935937656632,55.72621690114828,65.13269397742872,10.296466522107226,-0.5541778155487045,0.6366808157611267,1,1
23,46,155.09653774953333,44.417141380429136,52.12507140698686,6.430631346733731,-0.10898246915737465,0.12090887230298661,0,0
23,47,223.4105455708216,28.96113685666236,60.777209672743446,6.1825670233254995,-0.22150078160454936,0.2472160495647579,1,1
23,48,235.49183770888064,31.7992624219953,64.16872616930269,7.063015075142562,-0.34044965929112897,0.27130426746690994,0,0
23,49,179.88267582489127,46.218830804102936,57.31353925245526,5.738021767871274,-0.1450669630919542,0.18898634305769904,-1,-1
23,16,150.22455162115006,35.61716992542591,48.59325775984755,3.9130349505139943,-0.20100729774435944,0.1692991712698946,0,0
23,2,160.52321916765572,43.281226967777194,52.685408385419514,6.893202770279232,-0.22442779312013483,0.22647741574880306,1,1
23,56,177.72002558543085,72.18790105619917,50.16883101697986,6.535850129236251,-0.18800483001827686,0.2565744025357311,0,0
23,57,132.97693130667497,21.73358232644757,50.82244319009447,3.697484409633579,-0.04370031768465758,0.0500230504459819,-1,-1
23,58,195.81438968648686,71.28980701572027,51.23714446297827,4.399089441029733,-0.07488036056703327,0.07592731410915445,0,0
23,59,154.97781332492792,48.56629626384905,49.75886948231828,4.2627143975799076,-0.06479500746880112,0.07598302255313079,0,0
23,60,179.60622124698284,73.5927587564683,53.580514704575855,5.029512759114712,-0.08243498224108373,0.07637213835461334,-1,-1
23,8,149.62014946877554,50.52686365123687,50.29011466158911,4.830741034167998,-0.07755522094768051,0.09091520387307493,0,0
23,7,188.99765203207227,37.55778131694395,60.7162490716949,4.461216977326741,-0.1958421828651132,0.1720068164632557,-1,-1
23,20,180.75581954498173,45.77314226814355,54.93198227804058,3.869207208200478,-0.08222731644584061,0.07312122564712058,0,0
23,62,224.53320574387936,47.07906336831299,66.2135127939876,10.314833308352878,-1.0747163679096838,0.9245947974657047,0,0
23,63,142.12868868757332,31.077712502954565,50.59956393445258,4.2057225295217915,-0.14117026315571016,0.13063658318115423,0,0
23,64,226.60482574750603,44.17145973806678,56.82306958744552,9.2616978766525,-0.30660781122941144,0.27335144830849634,-1,-1
23,65,240.85259559563366,8.191312087847914,45.99487989112986,2.706682997994045,-0.021739263190973794,0.019903154912144946,1,1
23,66,201.37231356914083,69.31393599721531,61.990820341761356,7.768898454273367,-0.5092280858874013,0.38889618788378294,0,0
23,67,239.2129594570921,37.52146236045825,59.01306273447356,6.802181649505309,-0.19374833145987877,0.21470114563881676,-1,-1
23,68,218.0673551646027,73.10888106926649,48.29603500093232,3.230404433561777,-0.03475833452886126,0.042790807531633814,0,0
23,14,209.67154088980206,27.403633403727813,52.92927531565349,6.412919684390934,-0.47316013800140483,0.43884657438555796,-1,-1
23,28,144.76458774845494,47.542390498959364,54.71548077101733,5.073587047921625,-0.08579165017593984,0.12198489347227885,-1,-1
23,70,153.44169284085143,55.69307768882722,52.14991174654109,3.690364911581742,-0.08752987932575285,0.06910206563160491,0,0
